,result,table,_time,cpuUsage,diskRead,diskUsage,diskWrite,memoryUsage,networkDownload,networkUpload
,_result,0,2026-09-03T03:22:00.675Z,53.37,142442.41132996604,63.03,7241506.562665662,80.86,5552956.859063922,2913061.054096108
,_result,0,2026-09-03T03:22:10.689Z,86.19,3192314.6581558427,55.36,133090.06171454585,60.55,7168357.527611863,1944448.167302053
,_result,0,2026-09-03T03:22:20.699Z,82.49,8188919.696321932,66.12,487036.8650656132,31.22,1120245.8919476455,3803560.7587200324
,_result,0,2026-09-03T03:22:30.715Z,89.62,3396536.7133056,99.28,9546664.69170571,55.04,6966654.583080452,4947950.440215439
,_result,0,2026-09-03T03:22:40.728Z,72.73,5916402.4209399205,81.01,3958082.6566316364,85.65,6029375.262485749,388939.48945097456
,_result,0,2026-09-03T03:22:50.738Z,17.33,5078261.013680445,13.33,9252492.241054801,25.79,2934909.244144095,4505479.800685962
,_result,0,2026-09-03T03:23:00.749Z,44.78,2817217.6668317807,30.42,3345428.1759348083,68.86,3785722.8479946502,8840151.272818588
,_result,0,2026-09-03T03:23:10.759Z,40.58,6359279.635032959,97.74,3318444.5002133125,60.42,3889362.98616942,4445574.894013562
,_result,0,2026-09-03T03:23:20.769Z,82.61,693190.8226388128,23.64,2158378.895128328,15.28,736084.7351758082,3640112.501892762
,_result,0,2026-09-03T03:23:30.778Z,83.67,9991777.747247852,50.85,1483543.0203088461,28.31,3998118.1787902997,2175412.2064468297
,_result,0,2026-09-03T03:23:40.791Z,43.17,7484970.974102324,87.84,465386.4139549624,17.47,4975205.461533704,9207862.109412163
,_result,0,2026-09-03T03:23:50.807Z,50.72,7062061.01297488,74.55,742136.0274159239,70.55,4149281.9656278244,8272534.429843492
,_result,0,2026-09-03T03:24:00.817Z,48.21,6814845.920937973,19.47,1303563.2271761778,55.94,1854123.3874885165,4149356.544664504
,_result,0,2026-09-03T03:24:10.83Z,48.33,9739433.193471609,11.15,7989269.940391145,79.94,1983312.46695987,8823890.845665952
,_result,0,2026-09-03T03:24:20.845Z,96.98,1683385.9312172306,78.1,6907157.577948466,36.86,5034008.299546349,7847514.891991965
,_result,0,2026-09-03T03:24:30.86Z,2.6,7393282.227568549,1.21,3194148.8804880013,98.12,2805448.873741786,880825.7242517659
,_result,0,2026-09-03T03:24:40.875Z,96.82,4745821.8015682725,15.43,3161857.4445196744,69.44,4282728.511290604,3972351.5234718244
,_result,0,2026-09-03T03:24:50.888Z,24.97,7603170.439461231,11.53,4167661.6470138473,34.31,6093512.847132962,5436852.0812249
,_result,0,2026-09-03T03:25:00.896Z,12.38,5896249.04269095,8.6,3725396.0229767812,61.97,6543091.969231761,7273449.525687409
,_result,0,2026-09-03T03:25:10.908Z,23.61,8695387.634778673,76.67,3127384.0172224087,25.48,1999692.3242662644,365604.4982799844
,_result,0,2026-09-03T03:25:20.922Z,58.54,1022556.0278623935,63.58,7748780.777563117,63.06,462440.0314734067,4634400.827092116
,_result,0,2026-09-03T03:25:30.936Z,53.32,7914979.455018475,57.83,677095.6378239323,63.82,3495597.92381249,927566.031793532
,_result,0,2026-09-03T03:25:40.946Z,81.61,6932063.843693614,17.28,7862149.074180811,50.98,1991951.1172210625,9502278.80641614
,_result,0,2026-09-03T03:25:50.956Z,28.14,4235091.114529805,74.26,1546871.9634779338,6.74,7617314.811414632,5344703.975053973
,_result,0,2026-09-03T03:26:00.966Z,29.05,5327479.804096184,78.24,7500789.282807495,28.19,6088687.732397827,5189046.608257829
,_result,0,2026-09-03T03:26:06.356Z,69.49,4116969.446248482,34.37,7000683.438448444,13.14,1967681.7851543282,3846720.472949141
,_result,0,2026-09-03T03:26:10.978Z,86.66,1971650.2068244112,77.06,9600998.808509275,77.38,5559167.665064572,7350477.910987135
,_result,0,2026-09-03T03:26:16.366Z,16.69,3648244.963443772,21.04,7403270.734674101,6.56,9509419.3299375,3962027.250078597
,_result,0,2026-09-03T03:26:20.987Z,44.75,5253267.343343127,66.95,2655922.6319704433,15.51,214800.7808324115,6372085.424140546
,_result,0,2026-09-03T03:26:26.376Z,2.24,4844100.262047164,0.61,3295025.5171187604,38.36,5823585.459102752,4528735.553219604
,_result,0,2026-09-03T03:26:30.996Z,64.32,9709413.366241053,17.79,8943757.602043696,82.21,2465093.244256519,5454562.503390746
,_result,0,2026-09-03T03:26:36.386Z,58.96,6536754.106544656,93.64,8984541.62812439,86.53,3090330.793203194,9620492.030859744
,_result,0,2026-09-03T03:26:41.007Z,32.49,9004207.893648162,11.03,3615572.332749315,3.93,890882.6726787922,8573115.960294038
,_result,0,2026-09-03T03:26:46.396Z,29.71,8709540.87342336,60.08,9970736.203958439,83.65,1047058.7759331518,3417064.068763236
,_result,0,2026-09-03T03:26:51.016Z,13.79,8102147.694641465,62.62,9386187.932638714,48.26,2170154.3478844245,5477168.544149455
,_result,0,2026-09-03T03:26:56.404Z,67.55,2680818.291480648,47.3,2807672.0769973127,0.85,3902859.566171113,9049048.820045495
,_result,0,2026-09-03T03:27:01.028Z,80.59,9719891.76508653,24.28,5207342.754022098,52.94,5325986.779446545,9024506.366415966
,_result,0,2026-09-03T03:27:06.413Z,60.69,3641225.6258580643,55.54,7175767.545041923,98.84,2003988.452110338,7130033.510144102
,_result,0,2026-09-03T03:27:11.044Z,64.16,882063.9322273937,52.7,2578178.107597219,53.01,7598118.324602036,4886105.584080788
,_result,0,2026-09-03T03:27:16.421Z,44.64,2569918.533080049,69.64,2108512.8930631583,36.22,8318895.300356305,368105.8204331145
,_result,0,2026-09-03T03:27:21.052Z,14.12,7053152.048794961,71.22,4786871.12514728,58.9,5881052.265248664,7749947.958691974
,_result,0,2026-09-03T03:27:26.431Z,91.27,8653926.433754914,90.94,8790561.671027439,87.96,1613608.5074147854,3596876.7814929835
,_result,0,2026-09-03T03:27:31.061Z,43.04,9731135.021916987,94.89,7270616.425255141,86.52,730599.594025123,7985348.381165613
,_result,0,2026-09-03T03:27:36.443Z,4.63,9415816.550646499,81.45,3741016.4867019425,27.08,8128398.170112008,3643401.529972932
,_result,0,2026-09-03T03:27:41.072Z,45.76,7699558.963284625,80.48,999526.110896144,36.92,8565757.052421566,2579529.9438594556
,_result,0,2026-09-03T03:27:46.453Z,31.82,7207659.910571116,41.6,9418709.50800616,37,979119.2462429388,773722.8164705257
,_result,0,2026-09-03T03:27:51.082Z,70.65,2519891.530725058,64.66,1355565.5614338769,91.02,711909.744026591,7078611.474152577
,_result,0,2026-09-03T03:27:56.463Z,94.67,7014851.618370336,7.18,1753842.0927549426,44.87,7513440.357796615,5231980.691411699
,_result,0,2026-09-03T03:28:01.091Z,74.67,1734051.5510394028,25.76,9708726.20480341,45.29,2599135.58979584,9470502.4817941
,_result,0,2026-09-03T03:28:06.477Z,56.17,6869148.283301738,76.84,73741.9253389926,38.14,1754234.3563313878,30275.571691990022
,_result,0,2026-09-03T03:28:11.103Z,39.97,8755694.483879218,20.69,102720.45494203686,4.15,28891.103579753442,6438465.31635735
,_result,0,2026-09-03T03:28:16.487Z,64.52,2673091.9316919832,69.4,7980941.026992836,55.7,8962837.362314746,6509833.045454867
,_result,0,2026-09-03T03:28:21.112Z,45.35,4309024.432483595,17.93,7466899.385460521,30.21,7218156.536278657,7239701.905533499
,_result,0,2026-09-03T03:28:26.496Z,9.96,6495995.304230542,94.42,3566069.684682951,12.05,9542456.996696472,8817493.774125317
,_result,0,2026-09-03T03:28:31.125Z,79.56,1044831.2857185637,90.57,940682.0501356783,74.94,4169685.8877471685,572456.515042149
,_result,0,2026-09-03T03:28:36.504Z,58.9,449186.11086386506,91.67,7069963.812898602,33.6,1935476.5178500277,3278725.460760714
,_result,0,2026-09-03T03:28:41.136Z,24.67,3456180.1793328375,84.04,2368376.0515741426,14.08,5891944.303776174,5681880.323184987
,_result,0,2026-09-03T03:28:46.515Z,8.29,6513538.378376547,75.02,3381577.131940371,60.27,3731961.8192307013,4690841.719669992
,_result,0,2026-09-03T03:28:51.147Z,3.59,6238345.9046985,83.81,3750166.105021946,82.63,6368529.980598235,2852402.163877238
,_result,0,2026-09-03T03:28:56.524Z,79.55,5611846.53104334,77.72,6015547.015601137,61.75,7840579.697545894,3367760.8425761764
,_result,0,2026-09-03T03:29:01.157Z,55.48,9169985.488224668,6.92,3758585.752530267,1.13,5384641.221211328,6429406.566256273
,_result,0,2026-09-03T03:29:06.535Z,82.04,3496894.5105475,36.11,4774650.753716412,32.8,8440949.35797944,3152408.504887666
,_result,0,2026-09-03T03:29:11.167Z,47.62,3691731.8667342514,97.99,6425415.878865564,41.02,8511096.136979189,4284376.316974434
,_result,0,2026-09-03T03:29:16.544Z,1.65,1471479.6045994738,50.7,7381838.034081859,76.95,4978876.622932411,8721669.392269362
,_result,0,2026-09-03T03:29:21.181Z,76.72,2199598.5395529005,78.69,4989011.031729407,55.05,7235788.041378832,3767758.100776867
,_result,0,2026-09-03T03:29:26.552Z,87.29,2606439.224390259,33.82,5942786.836512928,51.02,4333097.020747123,6201600.755180029
,_result,0,2026-09-03T03:29:31.193Z,98.04,8596463.089058097,78.83,7561983.874441597,53.57,4516546.58057236,9366939.73140145
,_result,0,2026-09-03T03:29:36.562Z,32.51,8699121.88548273,90.02,8273846.88928506,22.17,2948390.0951617826,5459612.519186414
,_result,0,2026-09-03T03:29:41.201Z,77.68,8636618.77883455,38.34,1307590.118684242,31.72,9383543.861686308,9315552.353558686
,_result,0,2026-09-03T03:29:46.578Z,45.66,9058642.008674623,60.91,5484939.365065746,30.23,9351429.131486747,2316988.264520351
,_result,0,2026-09-03T03:29:51.211Z,92.05,1312867.6492365387,95.6,6713095.887941566,19.03,8458027.558659665,5736522.5215329295
,_result,0,2026-09-03T03:29:56.587Z,27.6,3159936.8057271536,56.54,337001.4024645163,98.07,1377416.2792317036,5024247.618885023
,_result,0,2026-09-03T03:30:01.22Z,92.16,5838422.002302489,29.41,3481524.1707412447,31.09,8627744.54962243,7926833.758445165
,_result,0,2026-09-03T03:30:06.595Z,12.68,1929169.9746516934,17.03,6223891.686508607,58.52,8718067.775493277,9173837.865369955
,_result,0,2026-09-03T03:30:11.23Z,16.99,6999891.482429284,10.55,1192328.0457987029,80.38,7279431.634430613,1989350.2445026434
,_result,0,2026-09-03T03:30:16.603Z,85.28,9714362.457188267,42.23,3498856.787731981,51.36,3101841.26446287,1361327.9215983732
,_result,0,2026-09-03T03:30:21.242Z,93.21,8891910.045284823,11.06,2448292.628966976,52.99,7274927.516128553,6462223.570303053
,_result,0,2026-09-03T03:30:26.613Z,89.87,8411385.847696617,81.95,6403024.756355259,37.93,1572597.5937203262,4444364.943011715
,_result,0,2026-09-03T03:30:31.252Z,9.22,5953140.535546217,48.24,8839806.390189735,58.34,8735504.340412863,3271372.749274829
,_result,0,2026-09-03T03:30:36.622Z,35.95,524916.5913102027,25.01,472021.1056915724,30.05,9223740.814901227,7088428.90883941
,_result,0,2026-09-03T03:30:41.26Z,88.72,5849117.476202586,37.17,8302376.111575726,45.4,58923.24204423094,5000689.181426562
,_result,0,2026-09-03T03:30:46.632Z,20.04,5494119.0537991095,2.79,8438088.918101307,62.9,8493768.97848257,2510537.1502182325
,_result,0,2026-09-03T03:30:51.272Z,96.39,5332093.95410423,67.01,5835192.360242893,52.74,4155086.7522920263,7699146.356509646
,_result,0,2026-09-03T03:30:56.64Z,50.33,1431461.337637442,57.31,2413588.949228216,64.13,62729.75033751904,4044465.8539185575
,_result,0,2026-09-03T03:31:01.284Z,56.16,7284677.819241564,85.45,2227274.311110309,26.39,9130580.331691934,707123.6570511896
,_result,0,2026-09-03T03:31:06.65Z,93.49,4632566.689892383,97.87,5823908.039567027,56.63,7051534.866360304,6068206.635636095
,_result,0,2026-09-03T03:31:11.293Z,66.72,7578760.713229667,36.08,483095.2471460159,54.3,6528448.011759848,2353274.079786696
,_result,0,2026-09-03T03:31:16.659Z,18.42,7233721.659515496,8.13,4745131.762981692,10.03,9077658.74471035,3981686.4906272
,_result,0,2026-09-03T03:31:21.301Z,5.43,9320840.051774425,7.2,7545952.63460682,96.89,9777011.743322186,7457315.6276909225
,_result,0,2026-09-03T03:31:26.671Z,41.55,1807748.125732167,19.17,8191534.185248065,30.36,942403.2631107693,515206.92157944746
,_result,0,2026-09-03T03:31:31.312Z,25.66,3837350.992296562,29.93,2928834.403541035,77.49,7009417.48422006,1315805.3895015686
,_result,0,2026-09-03T03:31:36.681Z,63.43,6944217.835699458,88.65,1472458.386711487,50.53,6998618.262865636,3967042.098760641
,_result,0,2026-09-03T03:31:41.325Z,70.65,6288282.984301216,36.78,7976894.7143343715,84.65,2104436.2450453434,5232741.460434151
,_result,0,2026-09-03T03:31:46.693Z,11.38,8466140.282783702,60.53,8713835.813314218,37.43,9657169.463680148,4228852.435539713
,_result,0,2026-09-03T03:31:51.333Z,86.62,1762444.2439740873,51.8,1339775.4944397323,79.96,8893575.35103598,2355992.506071584
,_result,0,2026-09-03T03:31:56.701Z,2.06,4555773.7629297115,12.93,3919628.0390077964,11.54,6192459.2423215015,1712303.629844647
,_result,0,2026-09-03T03:32:01.342Z,71.99,1181783.9093096915,47.09,5751346.486079169,99.78,8404007.001204133,4614325.130596695
,_result,0,2026-09-03T03:32:06.709Z,71.1,4433228.14523547,22.83,784291.8233039143,92.07,9921999.480439335,9418038.570401188
,_result,0,2026-09-03T03:32:11.35Z,43.24,6577116.49457682,59.37,3967000.277605783,61.36,3689831.370138703,1455051.4774699265
,_result,0,2026-09-03T03:32:16.771Z,23.7,2516855.79258913,47.51,6975574.63710476,59.25,7050350.897251998,1657877.5062972496
,_result,0,2026-09-03T03:32:21.363Z,28.59,8264545.472015974,80.71,670499.118109944,56.77,2857674.066874177,5421858.186368212
,_result,0,2026-09-03T03:32:27.161Z,73.63,766398.9308859764,21.43,4972358.299839683,43.98,1484431.2711828388,4470174.1652609585
,_result,0,2026-09-03T03:32:31.372Z,35.42,773175.6638737153,82.88,82981.60846783032,18.47,3826126.3143700142,5207076.280489494
,_result,0,2026-09-03T03:32:37.186Z,70.98,2483083.3774186424,77.89,3861094.1731601954,6.66,5110688.382769463,5318101.044551618
,_result,0,2026-09-03T03:32:41.38Z,12.03,4300098.727546503,68.74,5707675.292288776,55.99,1799664.9679520938,1881653.002628959
,_result,0,2026-09-03T03:32:47.196Z,0.73,4422440.534934335,73.44,7983876.236516652,98.9,1065594.5814356403,4473558.286869048
,_result,0,2026-09-03T03:32:51.389Z,53.2,5634164.354987612,64.49,8425024.138983736,36.8,9831869.399838598,3521610.276104229
,_result,0,2026-09-03T03:32:57.206Z,67.51,1953401.1297823861,36.09,1893362.1458327922,58.05,6438938.800455241,1724540.769394326
,_result,0,2026-09-03T03:33:01.402Z,42.4,3828815.2566923215,28.36,1931050.880677747,82.17,1091827.224512989,7874032.830706898
,_result,0,2026-09-03T03:33:07.218Z,56.44,50570.75120729837,30.48,2730059.364989963,17.06,9576559.498533115,7746618.846034929
,_result,0,2026-09-03T03:33:11.41Z,6.51,7113588.71848071,22.71,1735813.9247317205,5.9,7775467.951209675,648734.376622584
,_result,0,2026-09-03T03:33:17.226Z,72.09,93061.9320136128,23.57,5855501.951619576,40.41,4769540.981727075,4843941.366807697
,_result,0,2026-09-03T03:33:21.418Z,77.62,7252565.296052965,26.37,1623317.913586102,64.28,8164897.9312498495,3300105.184094795
,_result,0,2026-09-03T03:33:27.233Z,23.9,3169048.1282884465,62.76,5600882.905175234,78.88,9799415.137782047,4310401.258258141
,_result,0,2026-09-03T03:33:31.431Z,6.47,5360694.239321274,77.58,2912933.3880241383,6.69,1422003.1638381493,9247837.718937628
,_result,0,2026-09-03T03:33:37.242Z,28.45,1380518.1778439367,52.69,9801320.901917059,20.69,7174712.044676553,982072.3995104474
,_result,0,2026-09-03T03:33:41.439Z,65.53,2872625.9836152056,9.75,1435192.898444889,3.72,2818990.599939416,4380836.414179816
,_result,0,2026-09-03T03:33:47.249Z,97.58,7157920.31005183,93.41,6845728.945777021,88.3,6388476.979079335,5756918.620248106
,_result,0,2026-09-03T03:33:51.447Z,11.53,2585765.660148731,68.46,8549857.609498909,2.18,8346487.130813469,9481957.021524228
,_result,0,2026-09-03T03:33:57.26Z,22.61,8212332.894256635,87.23,6051167.2925778255,31.27,7094343.851265983,7494990.4237310225
,_result,0,2026-09-03T03:34:01.456Z,82.99,3774200.1669288483,9,5570900.944817359,80.24,1032932.768626722,6675903.246637254
,_result,0,2026-09-03T03:34:07.275Z,27.16,2941617.035098304,16.77,2959632.213018477,41.94,5074183.035690664,6118300.013262466
,_result,0,2026-09-03T03:34:11.464Z,44.26,4000156.7440758413,58.95,7833307.019949604,9.66,2567369.5266271755,9556709.356525464
,_result,0,2026-09-03T03:34:17.283Z,54.62,9626848.385509701,81.31,5095642.1894662995,21.81,4294767.498824788,4728119.828648834
,_result,0,2026-09-03T03:34:21.475Z,67.77,1277037.9480618367,70.24,3243204.810111637,50,7411801.361554289,7415110.228474331
,_result,0,2026-09-03T03:34:27.29Z,1.66,4542148.893017879,75.53,7450954.098130663,98.25,4576376.840661334,7168812.3994232975
,_result,0,2026-09-03T03:34:31.484Z,58.39,9880237.83717505,75.74,8984772.454780044,76.52,9177152.66795694,8047137.723838219
,_result,0,2026-09-03T03:34:37.461Z,69.35,4041706.1319279536,44.77,9809291.691935867,81.44,7938820.61493968,1436080.5371234354
,_result,0,2026-09-03T03:34:41.494Z,99.46,2549978.905013588,27.8,6025558.13051197,11.06,2667142.564194037,982508.8062828468
,_result,0,2026-09-03T03:34:47.481Z,77.41,7715501.519616835,54.28,4961861.280476957,18.31,8288494.424857178,430432.22649957635
,_result,0,2026-09-03T03:34:51.503Z,74.38,9041392.460646732,66.93,8404371.17715054,28.59,9595976.466979863,8932935.347213749
,_result,0,2026-09-03T03:34:57.491Z,28.13,8964025.540352339,98.16,3288165.428287394,47.61,724231.1808111978,5505987.6031720815
,_result,0,2026-09-03T03:35:01.513Z,11.06,2142826.558035763,99.31,1794488.461264524,98.3,7055809.311378774,8767393.40232158
,_result,0,2026-09-03T03:35:07.5Z,79.39,147644.7833672301,14.15,4741233.272210067,90.81,3393437.9079926503,8373770.020471185
,_result,0,2026-09-03T03:35:11.525Z,77.85,6618986.717472886,30.83,5366189.091455653,91.4,3030294.629105128,9458792.82369398
,_result,0,2026-09-03T03:35:17.508Z,47.37,8481800.331646021,11.12,4646090.051159271,70.13,6275678.70722145,8675777.756702801
,_result,0,2026-09-03T03:35:21.537Z,11.66,2863197.8351559793,35.9,7303326.168801662,94.49,8108924.925636074,7337322.474367673
,_result,0,2026-09-03T03:35:27.517Z,68.54,5941036.702307766,88.47,6268341.431960733,5.12,4421293.920160974,9910532.088222694
,_result,0,2026-09-03T03:35:31.548Z,24.02,873177.4239585965,22.11,5257524.491500657,70.85,1013027.0018603393,3651977.9132633223
,_result,0,2026-09-03T03:35:37.525Z,2.18,648247.8391542212,31.91,3519560.626384044,12.93,8011008.133272375,5965603.011663317
,_result,0,2026-09-03T03:35:41.558Z,13.12,523762.49376960396,33.35,2561617.2889919695,16.77,1185684.1320631017,9417055.197758041
,_result,0,2026-09-03T03:35:47.534Z,47.19,6166887.198523016,59.06,6577940.733794465,82.1,123595.48871131332,6848855.646199803
,_result,0,2026-09-03T03:35:51.573Z,11.99,5614471.201900979,65.2,6862615.220721642,40.15,8917375.534836479,1599429.577287871
,_result,0,2026-09-03T03:35:57.542Z,89.67,807872.0665661299,90.58,6962813.38106098,2.41,60925.72235155136,7574586.4672466125
,_result,0,2026-09-03T03:36:01.583Z,88.81,8015556.973217921,10.69,4678299.022199246,83.77,8832337.633719144,8307292.217343354
,_result,0,2026-09-03T03:36:07.55Z,22.58,322047.4811568452,72.09,8783493.431816272,41.26,1281489.2376300225,8976164.192698022
,_result,0,2026-09-03T03:36:11.594Z,95.09,2797071.481683313,99.89,4170631.730754295,0.31,5231520.249332987,4476357.075736404
,_result,0,2026-09-03T03:36:17.559Z,5.06,5790219.021726288,61.5,6888078.429924348,9.23,2595329.8047592468,1510211.3066014678
,_result,0,2026-09-03T03:36:21.608Z,10.6,3413953.550141209,18.73,9546109.348186921,25.77,7462915.660901018,4005898.4430342903
,_result,0,2026-09-03T03:36:27.57Z,46.29,7782231.892598652,84.92,4790618.357578217,2.21,2025750.1684234801,5414871.306258626
,_result,0,2026-09-03T03:36:31.621Z,38.43,4347701.828327658,5.67,9356453.13760382,39.51,7999783.379195096,768342.0684765885
,_result,0,2026-09-03T03:36:37.582Z,65.78,738336.1276733758,1.37,859406.3524573614,97.75,4247107.115824801,1484965.2710664095
,_result,0,2026-09-03T03:36:41.63Z,66.62,3565513.40025573,77.74,2250577.966975549,73.87,4007458.9958252083,3614666.7230230467
,_result,0,2026-09-03T03:36:47.592Z,51.09,2308720.0968626644,88.89,4360455.860884336,46.04,1699429.1860359157,8598865.001708286
,_result,0,2026-09-03T03:36:51.638Z,33.21,5990899.216030946,97.9,2080918.6353594488,51.68,5366537.34355654,5916105.878619047
,_result,0,2026-09-03T03:36:57.601Z,64.81,6225020.292367011,32.72,4529214.8869941505,31.79,4748203.110106249,3683032.0853758724
,_result,0,2026-09-03T03:37:01.647Z,90.87,986881.6753576692,50.63,5572436.200662196,22.61,3219844.047771484,7247190.602370145
,_result,0,2026-09-03T03:37:07.609Z,91.13,8824274.932300514,69.25,3040733.385606669,23.7,8292991.927293077,4389805.416503954
,_result,0,2026-09-03T03:37:11.656Z,13.18,3176397.296052733,18.82,724259.0425839613,51.54,9904565.801320007,3184701.877084033
,_result,0,2026-09-03T03:37:17.62Z,64.31,3330871.486459086,11.2,4545768.976530464,67.05,3265835.5146839046,1552821.4844704424
,_result,0,2026-09-03T03:37:21.665Z,14.79,6124663.175007655,28.54,8803939.017717114,79.79,2937087.3756906902,6012494.869636527
,_result,0,2026-09-03T03:37:27.63Z,54.48,1460470.9740081867,38.83,6288685.338770304,3.54,1042536.7006823061,3887964.5190759026
,_result,0,2026-09-03T03:37:31.676Z,11.94,5987761.023765007,58.37,9273755.477037532,53.69,3613725.9579396253,9588588.116298933
,_result,0,2026-09-03T03:37:37.639Z,73.19,6690944.805954674,94.81,3135875.30807203,34.57,5972969.794088265,592850.4458752548
,_result,0,2026-09-03T03:37:41.687Z,90.66,9369421.854804667,29.32,505755.1719022657,69.07,8194327.991862704,9004145.57694332
,_result,0,2026-09-03T03:37:47.646Z,70.54,9491327.288832214,56.88,1040544.3318368013,16.58,9120530.928747961,4276249.892428191
,_result,0,2026-09-03T03:37:51.703Z,34.49,8906459.145360786,51,2087735.6332430409,23.92,5441180.345958615,2442993.736914094
,_result,0,2026-09-03T03:37:57.654Z,33.28,4577816.011163852,7.07,8215500.373890177,93.83,4213837.570252665,378092.76115678967
,_result,0,2026-09-03T03:38:01.715Z,66.31,1831454.425029031,33.01,4437945.499871499,39.03,9825690.531285448,5647376.43479023
,_result,0,2026-09-03T03:38:07.666Z,33.38,9238728.947551193,94.92,4758356.412207226,85.19,7797482.835206457,7115800.072152113
,_result,0,2026-09-03T03:38:11.729Z,45.13,5629148.30737086,80.44,3302429.627172099,85.11,2032353.457882181,4038053.9611330624
,_result,0,2026-09-03T03:38:17.674Z,48.39,2775957.362590965,97.39,1092953.9158354662,95.91,8439129.235756071,6256794.751450091
,_result,0,2026-09-03T03:38:21.742Z,6.22,5162872.835286814,76.53,3003913.8349375217,31.2,2791225.9687422323,4326626.847555528
,_result,0,2026-09-03T03:38:27.681Z,34.25,8036769.73890179,25.77,657140.073839162,45.75,1180443.5397776202,6823501.250645313
,_result,0,2026-09-03T03:38:31.756Z,56.28,7523736.986612757,59.69,141101.5418606687,20,1603838.9896316396,3177188.8011411508
,_result,0,2026-09-03T03:38:37.69Z,99.06,4436231.638466286,10.84,5380367.81376313,79.98,9423897.531379545,805430.3642326854
,_result,0,2026-09-03T03:38:41.768Z,60.22,4650783.085066189,59.21,1554669.5535343625,34.13,3234549.969924193,6158736.351619417
,_result,0,2026-09-03T03:38:47.698Z,59.4,9613280.727268714,41.58,8666280.661931518,59.52,5558047.864337624,646882.5713391979
,_result,0,2026-09-03T03:38:51.78Z,30.62,4817121.427684708,84.93,3339101.3059654874,85.09,9085066.18343562,9760794.510984233
,_result,0,2026-09-03T03:38:57.709Z,64.18,3990859.3860598663,26.41,5365528.524329921,2.69,610802.682540531,1314985.4536699902
,_result,0,2026-09-03T03:39:01.789Z,25.78,6083330.25337377,51.16,6199658.254897325,46.27,5459355.890988627,1232487.7797643675
,_result,0,2026-09-03T03:39:07.718Z,13.93,6955850.014995504,15.92,9230207.149865752,65.7,8586320.84293636,7209301.725519872
,_result,0,2026-09-03T03:39:41.831Z,65.44,7692360.90362712,49.92,1719279.7033276795,91.99,2185594.1768129184,9320007.58796586
,_result,0,2026-09-03T03:39:47.743Z,99.11,1295557.1749295192,26.71,9367255.772203662,77.85,6069893.585044787,7691299.324162573
,_result,0,2026-09-03T03:39:51.842Z,99.6,4043376.53618833,55.15,5044496.745886861,24.33,3712639.923998344,8108100.361337162
,_result,0,2026-09-03T03:39:57.751Z,56.88,804886.2420509384,28.11,1117388.4219679087,15.49,4604687.1215811195,1523045.4522151416
,_result,0,2026-09-03T03:40:01.853Z,18.98,9597312.408975737,72.77,782435.7836198948,68.72,6265907.9096701555,740864.4239334384
,_result,0,2026-09-03T03:40:07.828Z,77.88,9019140.620697558,7.68,3852456.0916270735,72.33,6461811.151813364,7864463.114748268
,_result,0,2026-09-03T03:40:11.863Z,26.74,4102683.0242329626,80.1,17974.102172763072,65.85,8096446.039873074,7598345.627798516
,_result,0,2026-09-03T03:40:17.855Z,65.28,1542130.6260866418,95.62,8900732.371637855,9.64,2578904.4163429677,9701293.403226566
,_result,0,2026-09-03T03:40:21.873Z,6.59,9398573.294641199,28.44,5268907.932566305,81.61,6496061.924057617,892898.866652121
,_result,0,2026-09-03T03:40:27.881Z,62.14,1820710.3531241263,64.98,2606045.891379063,51.39,61916.6507399338,9434982.44967442
,_result,0,2026-09-03T03:40:31.884Z,49.3,7557914.226607291,81.08,4802249.052054044,85.02,2610521.4456207315,4881676.298494935
,_result,0,2026-09-03T03:40:37.988Z,87.91,518922.3313895408,88.24,7289414.497339694,73.92,3411599.025500844,594839.3084552139
,_result,0,2026-09-03T03:40:41.894Z,84.88,9128732.751936631,62.7,777012.0326290797,91.1,9343612.193192942,5288996.520171634
,_result,0,2026-09-03T03:40:47.998Z,32.86,2538769.8276167247,91.28,9846204.629793165,31.98,2730003.096890876,8755798.025520766
,_result,0,2026-09-03T03:40:51.904Z,73.95,156763.4071550317,83.94,8896471.065980513,0.02,6536910.546602582,1978453.3897543976
,_result,0,2026-09-03T03:40:58.009Z,78.02,3034428.9938924983,34.88,9028065.135084393,75.26,1492997.294557078,5352922.591618071
,_result,0,2026-09-03T03:41:01.913Z,7.1,9679439.359262783,93.56,1587392.7635709029,39.63,7202295.630984495,3788701.9372230577
,_result,0,2026-09-03T03:41:08.02Z,79.75,9408697.006085882,45.7,3576680.5906940144,91.53,4947377.952033123,9781694.320535462
,_result,0,2026-09-03T03:41:11.925Z,22.58,4533434.351779528,21.12,2239728.9238108397,42.52,9083417.90690381,971816.2036349465
,_result,0,2026-09-03T03:41:18.032Z,87.19,8944416.516195102,2.03,8492533.403001608,75.91,4453381.031783801,6905784.48547376
,_result,0,2026-09-03T03:41:21.936Z,2.97,6697869.5424955925,38.85,1984099.713000823,44.2,5825698.494826108,249578.3910974392
,_result,0,2026-09-03T03:41:58.065Z,66.54,6476109.605036401,49.95,7961194.724822727,36.32,7626940.123012442,642370.9314120373
,_result,0,2026-09-03T03:42:01.958Z,6.35,3365291.048091493,8.2,7800437.700880108,25.44,1647916.8257498734,9553426.654917639
,_result,0,2026-09-03T03:42:08.074Z,52.47,5385185.086465681,38.96,5303020.397382819,97.96,6145207.602397718,5467305.523877296
,_result,0,2026-09-03T03:42:11.969Z,74.22,3955260.251478564,69.43,3824498.0124168037,96.82,7519812.867669782,912865.729970137
,_result,0,2026-09-03T03:42:18.083Z,15.05,8160990.645617271,5.28,447430.3084690845,0.12,5286939.593815576,9237589.058222372
,_result,0,2026-09-03T03:42:21.978Z,24.25,8386592.238782658,9.84,8334953.029351945,19.4,8507659.726635966,9352668.819132956
,_result,0,2026-09-03T03:42:28.092Z,61.94,6490974.949186593,45.62,6378366.700639445,91.35,1442360.2593196128,7404004.4397747535
,_result,0,2026-09-03T03:42:31.991Z,48.05,5898188.014194022,26.13,7719259.128470973,82.04,2344902.1788877244,8001898.675251992
,_result,0,2026-09-03T03:42:38.102Z,17.41,1615486.5232988081,6.69,3816325.6773322406,18.37,46478.69021908168,5699376.845918896
,_result,0,2026-09-03T03:42:42Z,81.5,1547024.648448626,22,9364682.627171148,46.58,8398931.030607902,6659566.232172886
,_result,0,2026-09-03T03:42:48.115Z,16.44,9250178.919222904,98.1,3661062.837328394,96.81,3377468.5641378155,1405073.0590698945
,_result,0,2026-09-03T03:42:52.013Z,16.73,6876764.693959622,84.16,355747.212275922,28.09,1758335.0254070696,7137299.144388947
,_result,0,2026-09-03T03:42:58.145Z,4.81,288847.68217549816,62.68,9860112.656205988,66.98,5434532.275685324,2489060.938795612
,_result,0,2026-09-03T03:43:02.022Z,10.36,1406216.183982244,88.06,5407506.203832305,29.16,3820579.171461057,774688.4447862479
,_result,0,2026-09-03T03:43:08.151Z,83.14,680652.1374051789,15.41,2924738.5834541186,40.35,7199539.355264972,7847818.455814056
,_result,0,2026-09-03T03:43:12.034Z,67.32,1724812.3748592436,32.4,1719570.0584261552,85.71,1032991.6489762525,6278264.108739248
,_result,0,2026-09-03T03:44:18.185Z,70.9,5973499.680791423,8.39,4816508.610188481,41.93,4396226.27516292,9996044.506939992
,_result,0,2026-09-03T03:44:22.068Z,97.39,6003587.115595684,94.07,960731.2286092706,52.12,1363671.7184127467,1764404.4985861261
,_result,0,2026-09-03T03:44:28.202Z,69.37,9050475.186404815,67,1217019.2484048402,73.36,3160912.899368722,6590213.56136964
,_result,0,2026-09-03T03:44:32.081Z,29.06,8678746.770891462,78.15,6792680.150716979,67.27,2571916.322396609,3376780.8253262765
,_result,0,2026-09-03T03:44:38.21Z,62.98,1661769.8965250705,75.69,7636927.834371067,40.66,6800848.526821157,464526.85812926275
,_result,0,2026-09-03T03:44:42.09Z,88.6,8470327.371489437,26.97,8031009.3143484965,64.5,937590.685065568,1246400.374118094
,_result,0,2026-09-03T03:44:48.219Z,48.66,5153987.134836968,18.19,6225233.761263478,18.06,5781986.2012773305,2419336.7108725538
,_result,0,2026-09-03T03:44:52.097Z,80.24,3162360.6045587594,59.05,4967769.153550253,42.52,8412447.076078005,1393170.2005610114
,_result,0,2026-09-03T03:44:58.229Z,11.69,4217052.919287327,55.48,5246143.473155826,42.2,1024725.5372685216,5547163.892104046
,_result,0,2026-09-03T03:45:02.107Z,20.53,8155424.30034419,84.6,9890948.164700018,42.89,9257304.015105903,4255907.968403455
,_result,0,2026-09-03T03:45:08.237Z,74.52,6885695.102812759,45.29,506853.3735667458,30.35,5424283.515619723,1079567.636922779
,_result,0,2026-09-03T03:45:12.117Z,82.42,5006678.99399761,90.1,8451122.857635155,1.42,5923640.6303837495,4545024.446753884
,_result,0,2026-09-03T03:45:18.427Z,45.08,256109.409342814,91.13,3838432.733912742,77.23,3173643.652938849,719614.5789076147
,_result,0,2026-09-03T03:45:22.13Z,1.93,4509729.499004974,14.58,901134.0429532278,69.45,961301.4064565185,5692511.6570822485
,_result,0,2026-09-03T03:45:28.436Z,21,4488459.181649613,99.57,1779516.8862996225,80.87,3656474.198131345,6118384.742659515
,_result,0,2026-09-03T03:45:32.139Z,93.81,2085509.195156371,51.54,2411646.1026771,24.55,779218.2572084039,2927332.1330971504
,_result,0,2026-09-03T03:45:38.444Z,91.99,5504784.050292729,35,2850148.443536524,16.63,1533290.5519850603,8463123.290167982
,_result,0,2026-09-03T03:45:42.15Z,27.07,4696235.836923934,73.8,1156125.1671099714,99.68,3566094.596679512,9340643.774317045
,_result,0,2026-09-03T03:45:48.452Z,49.77,6075736.562269503,60.59,3199862.8582509547,43.62,7178162.99148577,5048108.920889668
,_result,0,2026-09-03T03:45:52.158Z,2.43,5561044.816220304,28.95,3206320.7608305956,35.16,95050.2944984244,5737362.664435585
,_result,0,2026-09-03T03:45:58.462Z,39.05,2307921.3451549173,30.94,5845790.127461629,41.84,5205113.729330887,7611430.067212323
,_result,0,2026-09-03T03:46:02.167Z,62.8,9671390.049484642,18.24,327006.8325762676,98.14,6370187.944278845,5170048.437904321
,_result,0,2026-09-03T03:46:08.471Z,67.93,2136066.451752633,87.2,2959814.973740569,71.29,4092897.096090885,1743808.007043246
,_result,0,2026-09-03T03:46:12.176Z,39.84,7213654.766258993,95.89,6631802.094842961,57.65,758860.9155380799,3444956.7088114917
,_result,0,2026-09-03T03:46:18.48Z,18.65,9997163.151645461,46.34,4019689.919066177,66.8,9287014.718959497,8057943.623691472
,_result,0,2026-09-03T03:46:22.186Z,51.18,6205070.696407438,11.12,2047696.2121163101,41.48,1048195.2976082031,6677890.287457794
,_result,0,2026-09-03T03:46:28.488Z,6.76,2832379.6562634683,11.41,303427.4041780349,13.15,1395129.7572548792,8895027.721240167
,_result,0,2026-09-03T03:46:32.194Z,52.1,3632672.1655633664,66.1,9735450.543803088,57.15,3598282.700859987,2875394.754712979
,_result,0,2026-09-03T03:46:38.496Z,83.14,35250.42608743645,45.25,1968005.161284362,38.9,9203584.051744748,4467159.283876732
,_result,0,2026-09-03T03:46:42.204Z,31.21,5891604.947025145,89.77,9949674.636226898,92.33,698132.7706676122,3079812.9789498043
,_result,0,2026-09-03T03:46:48.509Z,64.45,3015136.796062682,61.77,1224614.7801188577,16.2,376266.903866237,677923.6726084515
,_result,0,2026-09-03T03:46:52.215Z,32.52,8079444.211041103,10.86,9776451.74111321,83.63,7588943.679787952,9881792.483024228
,_result,0,2026-09-03T03:46:58.52Z,57.95,8481665.31641042,59.64,8421726.563604139,94.25,6154061.543222395,3977261.581126318
,_result,0,2026-09-03T03:47:02.223Z,77.85,2626953.040350889,38.51,9992377.215090169,22.21,1437584.490719196,6893958.741015015
,_result,0,2026-09-03T03:47:08.532Z,83.95,2209675.5266048396,14.04,1303548.5852754859,46.5,1815909.0346821027,5282545.449713415
,_result,0,2026-09-03T03:47:12.231Z,41.52,1615155.8109569964,27.11,7263939.269948552,60.15,4697540.572163093,2583410.957123341
,_result,0,2026-09-03T03:47:21.735Z,22.16,7234043.988094013,19.49,8510279.185098337,64.45,8775165.05853391,219640.81340543728
,_result,0,2026-09-03T03:47:22.239Z,61.09,496833.9087131857,38.18,6820030.190459914,89.63,7822838.5310883755,5997957.895308345
,_result,0,2026-09-03T03:47:31.848Z,76.76,4865728.167671128,57.73,3808115.039972064,89.4,1087511.5465420594,8763680.554737933
,_result,0,2026-09-03T03:47:32.248Z,53.8,263555.93086131115,53.09,152410.20448400365,5.76,3933219.566260662,1140826.3732669388
,_result,0,2026-09-03T03:47:41.859Z,58.99,8701038.715140129,12.31,9570185.067088813,90.1,2385006.767122925,8661425.814838022
,_result,0,2026-09-03T03:47:42.257Z,9.88,248020.11826993042,29.11,4539542.292514541,30.01,6317937.008993443,4515269.617544001
,_result,0,2026-09-03T03:47:51.869Z,77.67,8147596.308287002,64.78,7669337.065975194,38.89,1436692.3971364233,6267943.719014416
,_result,0,2026-09-03T03:47:52.267Z,68.68,4856572.335370122,2.43,2172571.0440896717,80.93,3806127.630103713,9287462.778141288
,_result,0,2026-09-03T03:48:01.9Z,91.99,8848002.728278339,68.45,7637161.088483569,79.81,4501707.197788169,6602591.204356186
,_result,0,2026-09-03T03:48:02.276Z,24.53,3338331.0685867984,41.44,7518738.051611796,84.39,3182134.628363936,9089615.322976213
,_result,0,2026-09-03T03:48:11.911Z,92.41,6058696.668704673,6.84,3330372.0197207266,39.75,8658048.243900668,2543154.329859506
,_result,0,2026-09-03T03:48:12.286Z,7.75,5319484.062465857,6.69,9199802.105933819,93.26,6738289.343920502,7855704.567910885
,_result,0,2026-09-03T03:48:21.922Z,84.1,7725643.111032601,15.47,7053513.179952299,81.7,1807246.403554902,6984658.46563264
,_result,0,2026-09-03T03:48:22.294Z,3.98,2920922.023648096,7.24,6794370.267384476,95.16,9356194.58869642,2238205.3538974277
,_result,0,2026-09-03T03:48:31.941Z,87.12,466532.9671941176,74.21,2602914.5948719312,73.5,4256674.181993417,9778039.662740527
,_result,0,2026-09-03T03:48:32.303Z,98.84,8894476.632746063,24.9,2069119.201614661,16.96,3356681.6183802215,3508166.5082426593
,_result,0,2026-09-03T03:48:41.95Z,27.77,3501692.359986903,1.68,5209903.859558887,19.38,4718444.687317766,3871242.6155006727
,_result,0,2026-09-03T03:48:42.312Z,97.91,7405535.058779293,12.14,4702462.7567020925,88.53,4733001.264745688,5092773.230697998
,_result,0,2026-09-03T03:48:51.96Z,56.6,2844186.2270707274,27.31,9251398.057345586,48.06,6531215.343910985,8454073.564303221
,_result,0,2026-09-03T03:48:52.323Z,80.48,1843072.6003948394,95.48,9397234.910477776,78.61,7360106.338353851,4266570.1545194965
,_result,0,2026-09-03T03:49:01.967Z,3.68,8281921.202807509,0.48,7373688.468990738,57.57,5928174.834705766,699827.5604823611
,_result,0,2026-09-03T03:49:02.339Z,95.99,7821998.509761762,70.67,8908072.32059649,67.83,3001765.0862099174,7959031.4977874365
,_result,0,2026-09-03T03:49:11.975Z,26.19,9352098.369016457,47.86,7577379.893159848,54.38,3496502.361236348,1456901.087940724
,_result,0,2026-09-03T03:49:12.348Z,29.6,6153982.076085956,77.41,2055866.0397826633,73.48,1687955.940961111,9575144.802417656
,_result,0,2026-09-03T03:49:31.986Z,6.04,2864443.3714693217,90.82,6751608.236454427,20.22,7538276.399086927,9984036.13104967
,_result,0,2026-09-03T03:49:32.358Z,39.97,9234277.827163385,42.58,8853446.95890499,17.88,6095788.643309915,5813855.151350449
,_result,0,2026-09-03T03:49:42.918Z,70.03,9057235.77166933,50.41,1480626.986939486,5.55,6775001.592918463,3835999.1374353985
,_result,0,2026-09-03T03:49:52.945Z,46.46,2035057.8783418294,35.35,2572708.446068056,35.27,3041105.6912975274,1694930.1477116274
,_result,0,2026-09-03T03:49:52.968Z,54.49,9758443.433196016,66.64,1066231.1668590528,17.42,5377402.3270977,8589928.593665404
,_result,0,2026-09-03T03:50:02.957Z,99.99,1899837.0027062683,94.39,2709246.4564448837,58.09,3437439.8271573815,1323629.4284392113
,_result,0,2026-09-03T03:50:02.992Z,5.08,1475863.7188115865,78.42,4183912.191139143,57.59,6490553.597147735,2269895.612945355
,_result,0,2026-09-03T03:50:12.97Z,28.66,6873622.059106724,13.23,1666315.1535469156,38.59,3325494.2140049506,3798765.195141801
,_result,0,2026-09-03T03:50:13.004Z,97.8,7433747.421906359,73.88,5300824.622352693,18.53,5229646.7116371235,7440465.507994764
,_result,0,2026-09-03T03:50:22.982Z,0.23,8088539.070132172,38.81,721857.5553017848,34.01,586170.8883271944,9765222.923770677
,_result,0,2026-09-03T03:50:23.014Z,99.53,2000692.4383037395,97.95,8186636.340352633,50.85,2147605.9124522186,5282085.214853793
,_result,0,2026-09-03T03:50:32.993Z,98.13,8171553.253397283,56.73,2546338.318792294,21.02,9240538.279051237,3132352.63262172
,_result,0,2026-09-03T03:50:33.036Z,35.76,9944380.080866132,35.87,2886096.9378390657,47.73,2691515.25635549,9754384.121813906
,_result,0,2026-09-03T03:50:43.006Z,64.43,7418943.57189839,1.38,1841928.739579376,14.4,2801285.7404849776,6376239.739851442
,_result,0,2026-09-03T03:50:43.046Z,89.47,9143197.730809659,44.97,3527062.2564374143,33.44,436893.1386963559,1121159.552102925
,_result,0,2026-09-03T03:50:53.019Z,30.31,117508.27444199196,97.12,5812871.641380833,61.12,5810933.069795853,4868551.129237355
,_result,0,2026-09-03T03:50:53.056Z,44.35,9956538.019536326,66.67,3436328.6632887325,58.46,1049851.691388012,2420744.1373754735
,_result,0,2026-09-03T03:51:03.028Z,80.38,8909921.65244016,71.08,7308861.336833775,27,870554.2953515133,1821809.380137639
,_result,0,2026-09-03T03:51:03.064Z,40.42,5322360.47503468,54.96,4275280.598432665,94.26,4793509.978421746,926638.9908593509
,_result,0,2026-09-03T03:51:13.041Z,61.66,5131742.388008406,89.71,1275160.4498628587,81.64,4819582.9391468605,8496540.320508895
,_result,0,2026-09-03T03:51:13.075Z,47.33,601056.7808972833,45.25,7618870.818279343,9.53,5488296.299579296,5507450.378685913
,_result,0,2026-09-03T03:51:23.06Z,24.31,7606231.469922837,26.33,7951023.3372304775,54.16,1437901.3115804608,6149115.69969995
,_result,0,2026-09-03T03:51:23.086Z,25.22,2210076.8349517854,3.89,477130.86014162574,36.83,8396025.225910727,7266004.620749301
,_result,0,2026-09-03T03:51:33.072Z,35.77,6784677.361982769,24.57,2475372.7203489393,60.09,8645399.097293193,1468204.75153143
,_result,0,2026-09-03T03:51:33.111Z,8,6462969.41689606,14.57,4613187.685085277,27.64,3786393.3483503475,5315840.983286651
,_result,0,2026-09-03T03:51:43.086Z,50.24,4989475.831919083,99.11,4239425.9836422345,19.31,410708.25074058236,2239043.176273019
,_result,0,2026-09-03T03:51:43.12Z,8.7,6136900.645302407,45.57,7136971.091262485,25.97,4111694.164241819,2264507.399998048
,_result,0,2026-09-03T03:51:53.096Z,11.92,8200743.819562423,54.36,8541379.285034236,20.75,8072530.663303436,669097.6721895935
,_result,0,2026-09-03T03:51:53.13Z,0.9,3318745.1014754665,30.21,1722705.1219810075,14.47,6491792.587364618,9926253.17355579
,_result,0,2026-09-03T03:52:03.106Z,19.17,5728679.849239579,16.69,9358355.953472348,98.51,696550.6239716213,7288141.835437706
,_result,0,2026-09-03T03:52:03.137Z,65.11,755006.1628938776,4.73,4379639.719003681,52.63,1213158.5644510102,3765831.4137815805
,_result,0,2026-09-03T03:52:13.113Z,95.31,6304488.203779961,83.58,5553599.467920941,41.88,5345534.905417865,222078.22761989405
,_result,0,2026-09-03T03:52:13.145Z,31.04,1836606.6373779266,53.66,7082715.434602914,65.77,6465924.017345822,2955003.9349801405
,_result,0,2026-09-03T03:52:23.121Z,34.91,9400092.427278847,72.4,7198089.505192982,54.84,8381819.869257997,2645874.832207905
,_result,0,2026-09-03T03:52:23.155Z,71.75,521033.81912371516,66.41,4925137.098549043,20.53,2610123.264172328,1239979.7353743336
,_result,0,2026-09-03T03:52:33.133Z,78.57,4789580.875585106,20.46,1996900.0142295046,68.19,1463920.2550607366,1332835.2656816677
,_result,0,2026-09-03T03:52:33.163Z,58.95,3994588.6077712546,6.99,6540220.486113197,88.27,3562166.45125628,1242235.089098669
,_result,0,2026-09-03T03:52:43.142Z,59.56,7548428.569547541,66.82,7836577.241188566,80.12,3843862.147372938,2330526.346775229
,_result,0,2026-09-03T03:52:43.172Z,58.85,2490265.2775763003,42.21,3762705.9083432714,7.09,2363780.682551314,1939189.1692734752
,_result,0,2026-09-03T03:52:53.154Z,78.14,2858443.0060134614,99.62,2086418.9487282857,95.64,7612556.699314081,9692418.563958362
,_result,0,2026-09-03T03:52:53.193Z,12.13,7160574.281180189,83.43,4133829.5335669704,14.72,2610889.8841842865,7434052.9899358135
,_result,0,2026-09-03T03:53:03.165Z,73.87,4520165.033935679,43.55,3223947.846908317,51.05,4031032.5039387196,6213469.814928807
,_result,0,2026-09-03T03:53:03.202Z,48,3539551.7581333234,30.4,5983992.545595646,68.02,4848262.3260829635,5300541.434660402
,_result,0,2026-09-03T03:53:13.173Z,86.93,6723636.466953754,20.87,1364061.2904966942,84.49,6553779.101457119,8480191.177104589
,_result,0,2026-09-03T03:53:13.21Z,13.4,3432127.9505108516,83.25,1356450.6413650524,63.23,7518709.422770844,5250703.909838141
,_result,0,2026-09-03T03:53:23.187Z,59.76,991097.3371706278,8.18,6321840.993781312,82.94,7821997.735556101,8072847.657098619
,_result,0,2026-09-03T03:53:23.219Z,48.86,165064.3076190128,66.22,1886417.9907728673,5.91,337360.11608540895,8645130.187287048
,_result,0,2026-09-03T03:53:33.198Z,42.11,6102694.716057323,16.23,9934720.548917025,81.59,4433330.901629958,6636557.889781199
,_result,0,2026-09-03T03:53:33.228Z,56.01,8557147.271203043,54.04,2256480.769657987,48.13,7635671.98584777,5186636.656875136
,_result,0,2026-09-03T03:53:43.206Z,61.55,6755415.108662223,91.26,9869102.790845325,15.86,1933117.8198588183,3501771.483893499
,_result,0,2026-09-03T03:53:43.236Z,66.26,4568808.377892589,24.93,7996731.047224886,37.88,7860368.988802593,1839534.5412567654
,_result,0,2026-09-03T03:53:53.215Z,99.76,4754695.7876116,68.12,2016873.186577155,61.4,4953227.686168208,635860.1723943403
,_result,0,2026-09-03T03:53:53.243Z,86.46,9101717.633381769,31.12,4697108.679464905,41.63,6291893.559346828,3519309.56349074
,_result,0,2026-09-03T03:54:03.223Z,90.9,7207706.84545713,99.25,2662441.4017574782,50.55,6392219.4501458425,4717568.321587631
,_result,0,2026-09-03T03:54:03.251Z,88.24,7642514.635815684,13.41,7626762.36446795,52.75,9023305.238593547,2167415.172411079
,_result,0,2026-09-03T03:54:13.233Z,48.61,358321.0813987403,98.49,666410.4433756535,7.32,395270.5788281208,6388893.6033948595
,_result,0,2026-09-03T03:54:13.259Z,50.36,9107832.594548749,47.18,3231749.7390765115,94.57,3843743.428798294,9744040.486527607
,_result,0,2026-09-03T03:54:23.248Z,61.19,6168365.038610501,76.2,3197590.4756884277,38.51,1274701.4158252256,1670993.2264226412
,_result,0,2026-09-03T03:54:23.275Z,19.89,6727332.3226310015,92.63,6017898.256684276,47.22,7616773.335736387,6975160.734669132
,_result,0,2026-09-03T03:54:33.269Z,45.76,3533150.273322817,48.96,5204127.896565378,4.09,9140628.472795455,5812718.415372755
,_result,0,2026-09-03T03:54:33.303Z,81.11,7338081.906196755,12.48,3796391.3917392134,20.63,3845128.4038631297,3785059.4784353143
,_result,0,2026-09-03T03:54:43.398Z,54.05,291303.91699690785,66.65,3572262.019670426,90.91,3644607.2230572845,305438.83642867533
,_result,0,2026-09-03T03:54:43.924Z,55.84,3302383.5557604632,57.34,9885546.064795665,15.83,3802113.968662264,3117532.8453875184
,_result,0,2026-09-03T03:54:53.425Z,82.99,1248840.9180105398,50.33,5474290.041171809,11.35,2597572.457494872,8513524.988660986
,_result,0,2026-09-03T03:54:53.937Z,66.68,6140676.646340391,22.26,4713626.176023295,78.69,183419.05133526403,4232984.227108087
,_result,0,2026-09-03T03:55:03.434Z,57.98,8424363.060473664,62.06,8413605.525294473,19.95,5202619.322566018,3314363.740562425
,_result,0,2026-09-03T03:55:03.944Z,10.25,7141811.251475638,43.86,4284090.547914828,18.18,6839060.1799464645,9582736.592922784
,_result,0,2026-09-03T03:55:13.442Z,75.49,8610945.975046944,55.54,8942364.0126915,52.63,9765551.129773015,7505431.733674065
,_result,0,2026-09-03T03:55:13.953Z,30.17,9386339.695664136,1.43,3380462.5706678806,16.65,8923327.909473477,633911.3184228551
,_result,0,2026-09-03T03:55:23.451Z,71.78,911770.9571039656,99.74,1814003.9186582912,10.38,7691065.456873241,4064570.2103672223
,_result,0,2026-09-03T03:55:23.96Z,10.5,3455942.0813939944,59.14,2128340.236282407,7.73,1737228.1395696464,9607072.337688789
,_result,0,2026-09-03T03:55:33.458Z,95.79,1114960.2932413672,25.41,9980108.914956441,39.86,1644917.4965418612,7513524.873090454
,_result,0,2026-09-03T03:55:33.97Z,58.55,5782424.299680057,71.5,682927.2449288837,44.2,906667.4172489775,4698905.933520644
,_result,0,2026-09-03T03:55:43.467Z,86.53,7684936.323025327,33.15,329679.5954209353,59.54,8019567.397681144,2537159.8127809116
,_result,0,2026-09-03T03:55:43.977Z,76.08,3953729.9239367642,33.45,9820415.808402224,65.47,1208011.8029518428,3611936.717312675
,_result,0,2026-09-03T03:55:53.475Z,78.47,5279199.01821338,2.65,7986173.643419656,49.42,8331783.05304292,7916980.451098557
,_result,0,2026-09-03T03:55:53.985Z,84.98,8725604.001745222,15.15,7045375.447073663,51.64,1953257.7900877467,1306714.132068779
,_result,0,2026-09-03T03:56:03.483Z,4.33,8550230.234367054,12.87,8279711.264167407,6.29,6909454.353607936,1246929.1341831347
,_result,0,2026-09-03T03:56:03.993Z,0.38,3004732.252154173,80.1,5889329.836606417,56.53,5792573.727671036,4740144.719586592
,_result,0,2026-09-03T03:56:13.495Z,3.05,884969.169004326,97.84,1968373.1641064584,14.16,3622858.662194959,4803894.341002544
,_result,0,2026-09-03T03:56:14.279Z,81.14,809490.1576555147,89.14,4088072.990467403,92.07,8176349.347180143,9315222.31937011
,_result,0,2026-09-03T03:56:23.503Z,19.11,2550218.87903783,63.21,5835561.3142059045,20,6596457.529085709,6231225.750510685
,_result,0,2026-09-03T03:56:24.288Z,33.55,2634967.3070735433,72.92,5315078.864588157,38.02,4750643.547536289,5649151.005210734
,_result,0,2026-09-03T03:56:33.509Z,21.86,6187534.572185328,74.89,5828075.660453547,89.76,9149451.466967244,806467.6632639545
,_result,0,2026-09-03T03:56:34.301Z,5.43,5275063.700647896,51.35,6588177.134880162,88.78,7259133.126836441,3089470.4079110157
,_result,0,2026-09-03T03:56:43.517Z,22.69,4976782.04724198,81.42,7434168.790335637,82.65,8136524.062240367,2941190.9033544194
,_result,0,2026-09-03T03:56:44.309Z,86.64,6990627.317151235,34.6,2701370.065987142,27.4,6492722.29891367,3945682.6707548155
,_result,0,2026-09-03T03:56:53.526Z,61.13,6372676.765509683,95.23,3110172.6435753442,65.65,7357506.681204448,9037195.338252462
,_result,0,2026-09-03T03:56:54.316Z,80.05,6214283.498708945,23.25,9536723.955191508,38.36,7760732.115911569,23791.11463180261
,_result,0,2026-09-03T03:57:03.535Z,3.61,8754878.197918365,85.75,6564513.39047391,60.23,6275671.259434469,8189154.2527953405
,_result,0,2026-09-03T03:57:04.323Z,89.37,8646733.480547592,63.53,5326856.4614304425,99,2213562.956830213,7361347.707344092
,_result,0,2026-09-03T03:57:13.543Z,49.99,136390.1210843266,78.81,5065878.994174148,40.84,6333486.644256209,2579726.147077661
,_result,0,2026-09-03T03:57:14.331Z,2.65,5077790.66391847,34.66,3787437.01211845,89.36,699688.3142241061,2388883.758771425
,_result,0,2026-09-03T03:57:23.55Z,39.47,7715441.895269969,66.36,5532485.395255303,43.89,7582453.29890573,9843829.949100582
,_result,0,2026-09-03T03:57:24.339Z,88.65,5950587.559280245,79.03,2443250.337816034,98.38,1566378.1438982128,2010365.9389058081
,_result,0,2026-09-03T03:57:33.558Z,47.33,4179473.3576741484,81.93,9484921.833416767,46.3,8375633.882614632,3383474.4973070486
,_result,0,2026-09-03T03:57:34.347Z,79.31,29508.63579233243,25.36,1355071.3046338381,41.14,9789212.481530283,4184991.8951784824
,_result,0,2026-09-03T03:57:43.566Z,80.26,5896208.922752934,14.36,6509337.676683987,97.11,2295121.949784947,6581742.755361904
,_result,0,2026-09-03T03:57:44.356Z,82.31,6500141.633437742,35.67,5707760.364464939,75.8,536243.8483220267,2679255.6585744065
,_result,0,2026-09-03T03:57:53.574Z,36.83,4581735.8473674795,14.49,3818380.8452536906,45.67,9461747.687573377,1123885.2623745908
,_result,0,2026-09-03T03:57:54.365Z,87.95,7824570.08047329,30.7,5719426.426817254,85.72,7682185.767125127,6244674.524355656
,_result,0,2026-09-03T03:58:03.582Z,0.21,1816123.0659863937,69.04,984171.8805645672,2.67,100851.83446830514,4400568.916715109
,_result,0,2026-09-03T03:58:04.375Z,52.67,7758294.0965599045,49.59,8009322.529208467,20.72,2840975.505644541,475043.6121542045
,_result,0,2026-09-03T03:58:13.594Z,70.97,6383816.179898268,75.42,9217233.567272825,31.35,8927006.941829719,8336372.424134967
,_result,0,2026-09-03T03:58:14.384Z,27.91,9977809.7924597,46.09,3241083.1588542843,44.69,5811734.644932856,9326959.143238949
,_result,0,2026-09-03T03:58:23.602Z,25.65,5100494.542553547,41.95,5352839.30678695,35.47,474628.3498041859,648003.595190767
,_result,0,2026-09-03T03:58:24.393Z,11.14,7560887.7795932675,75.3,5099224.902133363,74.36,7211295.711546149,3624713.3564614975
,_result,0,2026-09-03T03:58:33.61Z,93.77,8543132.540447226,35.59,4893676.836447664,18.99,158458.2691644565,6685457.744791734
,_result,0,2026-09-03T03:58:34.402Z,8.88,9830898.219786905,84.52,8599776.498293433,6.9,2065188.232807521,3926630.3421134497
,_result,0,2026-09-03T03:58:43.618Z,12.39,635104.9011160393,70.32,1036435.1575318875,73.3,5441056.318674105,1007268.0895144837
,_result,0,2026-09-03T03:58:44.41Z,80.06,9815428.027173933,4.69,1361666.4945400713,87.52,862442.0459423877,6142435.802847206
,_result,0,2026-09-03T03:58:53.625Z,99.52,9061493.962646661,79.54,848095.3458699114,91.76,3261385.144446127,1575288.564164369
,_result,0,2026-09-03T03:58:54.418Z,86.92,1042032.3562064548,51.61,1957816.8249432081,20.68,2604547.814474569,2718236.748229249
,_result,0,2026-09-03T03:59:03.637Z,80.29,6193499.295236198,58.99,8498680.6562429,66.75,4573812.65546138,6900458.128263279
,_result,0,2026-09-03T03:59:04.426Z,90.68,4255618.605434189,57.57,3829056.36220552,96.76,6303258.688929638,5180502.822820603
,_result,0,2026-09-03T03:59:13.644Z,66.36,4121982.934226214,29.7,5181764.3431270635,42.75,3515915.955996155,2950014.9137485544
,_result,0,2026-09-03T03:59:14.436Z,87.3,5551789.462159064,66.86,7081359.735420001,6.02,3451445.6994738164,5666604.225566626
,_result,0,2026-09-03T03:59:23.652Z,96.87,498160.70574454917,8.18,4626584.454093514,99.82,2203295.1087896056,1855236.2386207334
,_result,0,2026-09-03T03:59:24.445Z,78.44,9778519.087974902,83.13,8200476.381554716,24.15,3899257.667645456,1473121.2455315767
,_result,0,2026-09-03T03:59:33.66Z,19.43,5327238.837959875,85.79,2249993.8843891066,65.88,2557722.8630944584,8026017.785449986
,_result,0,2026-09-03T03:59:34.453Z,90.63,1275399.7870372424,36.2,3826398.0967453304,29.15,1061375.0493899188,1225784.5051020244
,_result,0,2026-09-03T03:59:43.668Z,18.61,1945098.8456935459,57.37,299708.9417985188,35.03,2499855.748211096,1335613.6037746258
,_result,0,2026-09-03T03:59:44.46Z,68.29,5538251.381074093,10.7,7949653.475941559,13.9,7771065.01787301,9517424.832794558
,_result,0,2026-09-03T03:59:53.677Z,44.67,9371908.733558014,12.99,1980349.2750985706,93.49,2291554.923365605,9695190.622358033
,_result,0,2026-09-03T03:59:54.468Z,61.26,5453087.760909255,84.76,6157353.844857868,64.5,5856594.368501321,2173601.822487311
,_result,0,2026-09-03T04:00:03.684Z,0.48,9079627.688449368,78.12,6490829.942873558,23.54,4721041.524971738,7416768.224371977
,_result,0,2026-09-03T04:00:04.475Z,11.4,2743992.11151333,26.24,9958876.15009422,86.75,3440986.1545240683,8849016.678619996
,_result,0,2026-09-03T04:00:13.694Z,87.42,9546433.681430396,7.92,6275221.586632128,64.15,2887256.5236339252,3114180.3919110955
,_result,0,2026-09-03T04:00:14.483Z,74.93,8966661.784345418,49.72,4912846.874821517,46.44,4171993.521037409,5707869.5806235345
,_result,0,2026-09-03T04:00:23.702Z,79.22,1861168.6611267098,36.13,9523965.68519558,61.94,4809024.299771445,2379620.3003421966
,_result,0,2026-09-03T04:00:24.492Z,54.63,665513.1194105812,69.73,9004115.438874623,14.02,1788810.602546581,1806195.3252918439
,_result,0,2026-09-03T04:00:33.71Z,15.85,7336241.2529557785,62.48,8948577.24577454,23.7,7604122.990237019,6572167.556459867
,_result,0,2026-09-03T04:00:34.501Z,96.97,4896373.92526272,15.15,4369655.515003229,85.86,5694020.973466475,5744049.589901312
,_result,0,2026-09-03T04:00:43.72Z,47,4283814.016817261,54.63,9699510.668757435,41.32,2113880.109105515,4662429.394747421
,_result,0,2026-09-03T04:00:44.511Z,77.11,5911874.668615728,29.36,4653960.779702008,92.36,5387003.625876498,2851691.7943755304
,_result,0,2026-09-03T04:00:53.727Z,97.33,5195314.454141652,67.45,9068896.556272639,79.7,7300840.530819922,5487762.99411944
,_result,0,2026-09-03T04:00:54.52Z,90.22,223653.6303397596,2.74,6613911.654304178,68.87,8039071.176697139,3712504.315284262
,_result,0,2026-09-03T04:01:03.735Z,65.33,2505197.4625190566,22.58,5593146.056166572,57.28,6522280.222317306,6255376.291394373
,_result,0,2026-09-03T04:01:04.528Z,42.15,7287232.333494964,15.22,1979635.0508352767,58.85,3579538.931265376,1462085.4807587613
,_result,0,2026-09-03T04:01:13.745Z,13.3,9034587.235860849,37.13,2040788.9803415502,29.38,4967804.577747856,9078257.624684367
,_result,0,2026-09-03T04:01:14.536Z,70.12,6731616.676759362,88.65,1602040.116234702,1,9156698.275273858,8662842.532945145
,_result,0,2026-09-03T04:01:23.752Z,0.46,2588346.158880553,10.48,4638131.106199456,62.22,8202014.888484289,3264149.5633570706
,_result,0,2026-09-03T04:01:24.545Z,68.04,2909776.1720240545,1.17,4466697.933818637,71.95,7975246.102111957,9183255.617936552
,_result,0,2026-09-03T04:01:33.759Z,48.95,8316329.746858934,67.26,1421534.5211332098,12.8,4549140.000918068,7891548.276803564
,_result,0,2026-09-03T04:01:34.554Z,27.52,2008267.8820287348,0.26,3921143.2667494304,44.9,7661835.417344561,3838044.1905215033
,_result,0,2026-09-03T04:01:43.773Z,37.81,6327428.014966807,64.73,7869962.907062824,68.15,289961.31484449125,1494798.1964936352
,_result,0,2026-09-03T04:01:44.563Z,87.06,7826420.096807176,44.29,5619543.188832168,91.43,697582.8114364146,126706.94131823535
,_result,0,2026-09-03T04:01:53.783Z,19.25,9279146.013257012,53.6,6219063.834383308,77.54,8544622.83460821,7309556.911253479
,_result,0,2026-09-03T04:01:54.572Z,94.08,3579815.2999219843,75.47,5212933.133858861,56.06,5910839.75833623,9477071.724717408
,_result,0,2026-09-03T04:02:03.791Z,2.54,6178275.401044278,61.89,8442046.22456393,33.47,3013287.2335846606,9723773.032212248
,_result,0,2026-09-03T04:02:04.579Z,56.7,3836248.194769182,76.04,3886779.4602090833,77.54,9900438.68585338,5993668.089666497
,_result,0,2026-09-03T04:02:13.8Z,40.95,1410916.4952081533,93.09,5489496.986541508,47.63,7041454.758480234,5638960.795702262
,_result,0,2026-09-03T04:02:14.588Z,47.52,8385313.367818811,34.97,7428410.379917315,88.04,389972.19254892855,2310341.587351218
,_result,0,2026-09-03T04:02:23.809Z,81.22,8753953.427881142,8.49,7984855.993978894,26.79,8472142.115232518,4127571.564171539
,_result,0,2026-09-03T04:02:24.598Z,23.49,5660570.427325819,6.35,6587037.481247067,4.72,7468653.548185295,8582985.3609448
,_result,0,2026-09-03T04:02:33.817Z,35.7,7856596.13532921,44.36,5013410.5778929535,49.38,4837203.84834966,2576896.5884080953
,_result,0,2026-09-03T04:02:34.605Z,82.87,6364601.82629271,47.56,5577865.766413048,19.02,3533112.973679725,8509997.54645878
,_result,0,2026-09-03T04:02:43.826Z,16.09,2480297.4549364233,35.8,6532503.316703844,71.57,4329210.578032155,591609.3132402955
,_result,0,2026-09-03T04:02:44.614Z,8.55,7608827.303823441,73.23,7703146.407554241,43.75,9344243.90286529,2427804.5660392167
,_result,0,2026-09-03T04:02:53.834Z,72.36,8362354.927173016,19.63,8473480.755143374,55.52,5043869.436042129,7285796.41843018
,_result,0,2026-09-03T04:02:54.624Z,94.46,7264953.382867759,22.77,258142.78814249692,71.66,3728193.2602763646,8337149.021922999
,_result,0,2026-09-03T04:03:03.843Z,35.88,4717471.516421281,34.6,4337103.932084511,31.41,5337302.472697134,3687196.4146756073
,_result,0,2026-09-03T04:03:04.633Z,78.69,4337138.652440765,46.09,859519.1281555181,9.18,5833025.741803686,4721280.989932172
,_result,0,2026-09-03T04:03:13.852Z,46.54,6316452.656114984,2.83,6875922.631611706,22.2,5808482.072339377,7317603.3344778195
,_result,0,2026-09-03T04:03:14.64Z,85.29,9582123.406614764,68.88,271643.10222488997,49.95,3361687.4631580217,8675264.114279559
,_result,0,2026-09-03T04:03:23.861Z,68.88,404882.91768666304,90.81,2709255.7888494795,88.89,3486750.0617875666,2163434.7166046486
,_result,0,2026-09-03T04:03:24.65Z,95.64,183312.0418104428,30.13,4506389.352589491,22.67,5216969.162746502,9197804.393224012
,_result,0,2026-09-03T04:03:33.871Z,11.36,43778.509185129486,31.53,7163011.419246782,68.06,2379737.5300259707,3567151.393032645
,_result,0,2026-09-03T04:03:34.658Z,7.11,1662788.395841913,98.89,5232148.073841534,40.41,3614971.269483427,9043569.027058156
,_result,0,2026-09-03T04:03:43.879Z,11.51,7675954.813845655,64.89,5158466.10435825,45.67,4374528.106773141,7554394.8713925965
,_result,0,2026-09-03T04:03:44.666Z,99.13,500766.163291827,73.63,4345624.113898425,56.77,5893078.7976120645,4426856.631578639
,_result,0,2026-09-03T04:03:53.887Z,70.44,833150.1364884019,44.84,9965803.126524597,64.62,3217842.405995186,3068.0429683593857
,_result,0,2026-09-03T04:03:54.675Z,15.62,5122917.686986553,41.98,3499415.218773887,1.43,5936962.48237225,9469605.037559558
,_result,0,2026-09-03T04:04:03.895Z,91.19,3930335.5414569476,50.17,1651931.6347072388,41.01,4041986.2724720733,4151161.83791436
,_result,0,2026-09-03T04:04:04.684Z,87.56,4140631.312255679,13.06,9129586.783981645,67.68,8357104.614452544,8009460.471348861
,_result,0,2026-09-03T04:04:13.903Z,57.21,952076.9664569162,68.31,6641137.653520297,95.28,5448927.243826862,9049947.963269658
,_result,0,2026-09-03T04:04:14.692Z,88.06,5253736.876066694,71.55,5773966.663485388,27.98,2693357.4426549347,6890966.321209022
,_result,0,2026-09-03T04:04:23.914Z,66.51,5919816.19801112,93.58,457817.8230195296,18.69,6715733.586775941,8275875.584633116
,_result,0,2026-09-03T04:04:24.7Z,34.91,9908917.424191883,73.6,2495009.6881218986,47.72,1137701.5799943835,5029616.042851172
,_result,0,2026-09-03T04:04:33.92Z,91.82,6285666.593354046,61.81,9669341.556187782,42.27,7413404.316654513,9204695.52044573
,_result,0,2026-09-03T04:04:34.706Z,22.84,3674254.4612075402,63.64,9081496.775836954,98.77,7613356.281641752,1939554.0966633752
,_result,0,2026-09-03T04:04:43.928Z,64.19,3627127.186440553,58.51,1742010.746337005,78.51,203729.33485033107,7490946.552243013
,_result,0,2026-09-03T04:04:44.713Z,64.35,9693955.618718507,77.61,519983.0618939538,81.56,8628816.13499073,3006892.6748420643
,_result,0,2026-09-03T04:04:53.935Z,49.33,6368354.781673069,10.54,1669894.0338654856,80.2,4149612.7859801347,6565642.591614201
,_result,0,2026-09-03T04:04:54.721Z,85.29,6014124.0976375155,91.77,6384622.20081836,40.3,3970478.9730621283,4666949.397608197
,_result,0,2026-09-03T04:05:03.943Z,80.87,8105862.988123213,51.58,5067755.401061099,35.37,8193237.453488334,2482421.6317156367
,_result,0,2026-09-03T04:05:04.728Z,11.47,6995652.703779006,69.64,2938162.231299637,46.63,63071.60857097482,1880631.6415850732
,_result,0,2026-09-03T04:05:13.951Z,55.39,881219.7016738399,71.02,5159488.192432302,9.98,9543709.29639296,1174470.5938692302
,_result,0,2026-09-03T04:05:14.736Z,12.69,9527950.498715572,18.25,6347480.805121979,29.38,7944425.77474025,7879067.3724725265
,_result,0,2026-09-03T04:05:19.882Z,27.96,9081471.214317081,96.1,2929617.406659107,13.33,6899331.82875729,9306370.507061642
,_result,0,2026-09-03T04:05:19.912Z,0.89,6626549.070545899,27.56,3656282.343590256,16.98,8676961.845327707,4962057.53242042
,_result,0,2026-09-03T04:05:19.941Z,37.31,2149093.247729631,44.17,2175848.115158834,1.72,4713924.460547857,5002073.02510089
,_result,0,2026-09-03T04:05:19.971Z,23.47,8478193.776950799,68.61,3068278.78729223,72.1,3885924.450448783,3114593.9594268356
,_result,0,2026-09-03T04:05:19.993Z,25.23,8730683.01442883,41.68,1051353.8782593023,7.04,4248701.958378942,4048825.983067159
,_result,0,2026-09-03T04:05:20.018Z,35.27,8251461.337965533,29.54,9463777.207672758,1.88,621417.194811309,7759182.447575282
,_result,0,2026-09-03T04:05:20.047Z,78.64,9965209.570863219,43.67,1774196.3391729486,64.64,1236151.0900747997,6070847.329084458
,_result,0,2026-09-03T04:05:20.077Z,96.67,8132792.694611439,1.42,9156844.513425207,23.3,7131383.960678403,9403266.727498772
,_result,0,2026-09-03T04:05:20.105Z,8.14,6855848.134113209,6.9,77815.0042340331,41.62,5489159.858290101,1015251.6131925171
,_result,0,2026-09-03T04:05:20.13Z,72.11,2320447.179724442,0.08,1054393.8956180708,80.44,9545121.592678268,6016388.933544309
,_result,0,2026-09-03T04:05:20.141Z,67.96,5434770.280462188,42.13,2507985.7279514004,68.62,2429091.8082140954,6374884.706096946
,_result,0,2026-09-03T04:05:20.167Z,40.74,177422.9508796432,13.78,7461095.197400882,35.05,6903259.9155326765,1985280.1532665766
,_result,0,2026-09-03T04:05:20.175Z,36.25,7271631.615590086,11.79,149337.83208627594,55.73,8015036.106273827,8810547.443483502
,_result,0,2026-09-03T04:05:20.196Z,69.98,2660339.6308417916,13.45,834124.4158175698,54.04,9101389.840273963,4170408.342916496
,_result,0,2026-09-03T04:05:20.207Z,7.13,8648215.683638355,32.54,7339384.875891074,66.61,4153959.1938983146,7120225.026248158
,_result,0,2026-09-03T04:05:20.225Z,36.71,5805718.071179858,51.95,4939935.171172452,76.08,5288259.827760041,8045866.490802356
,_result,0,2026-09-03T04:05:20.237Z,35.33,6858826.0339743,67.97,8356211.266909688,96.19,5578779.92659619,5307056.089756149
,_result,0,2026-09-03T04:05:20.252Z,95.64,7545330.737218767,79.44,2873879.589609871,64.64,51722.672195050334,6899581.29590981
,_result,0,2026-09-03T04:05:20.262Z,26.34,6226797.707259692,93.16,526782.2773457642,20.77,7657312.298294112,8506111.481708817
,_result,0,2026-09-03T04:05:20.28Z,62.36,733669.3750109846,10.33,5564652.4014412165,67.58,3790245.918333326,7569136.05909652
,_result,0,2026-09-03T04:05:20.29Z,31.75,500399.23412649176,65.54,6940003.362905801,45.19,9637650.246596044,7511819.562199727
,_result,0,2026-09-03T04:05:20.306Z,80.53,3331201.438953727,73.43,8045624.899822244,4.03,18261.356430271382,1197667.5379485858
,_result,0,2026-09-03T04:05:20.316Z,87.32,6023372.647360903,12.1,4163419.9031620766,53.54,423783.67354519386,7037669.021577545
,_result,0,2026-09-03T04:05:20.335Z,44.89,4883341.263193386,73.22,464278.8049158486,76.15,6676628.763176037,2579530.7373744235
,_result,0,2026-09-03T04:05:20.366Z,4.24,2588489.5884629423,70.6,5311667.046042652,61.97,6698703.073440508,218547.49804329
,_result,0,2026-09-03T04:05:20.389Z,16.67,1167423.175179143,47.73,6304364.107291194,66.34,8301124.642797816,2367311.375640265
,_result,0,2026-09-03T04:05:20.422Z,25.6,4559739.46116386,74.88,942189.5071392994,63.74,3164614.4626261084,6701567.52770749
,_result,0,2026-09-03T04:05:20.443Z,32.04,2706718.7667689375,76.25,2977779.987724999,3.57,4254645.877623509,4226882.586941312
,_result,0,2026-09-03T04:05:20.474Z,55.86,8701481.54084224,63.83,4555196.674456624,65.49,4643294.496606884,1966734.4289152867
,_result,0,2026-09-03T04:05:20.494Z,77.83,7466414.626700722,72.81,763122.9755614877,97.05,6212984.69207974,4688862.916508693
,_result,0,2026-09-03T04:05:20.528Z,6.71,2421009.283990959,18.26,276284.32357701624,69.89,7221286.988842341,7128124.661749926
,_result,0,2026-09-03T04:05:20.553Z,74.84,9763032.959667692,27.69,5033166.917483427,74.6,994885.7344275829,3466291.6083995188
,_result,0,2026-09-03T04:05:20.585Z,71.6,749091.681559787,56.41,1115780.1798908962,23.14,2453924.324254326,900745.6594262342
,_result,0,2026-09-03T04:05:20.614Z,40.79,5940923.322064881,42.66,9166485.302355735,26.04,5602344.75230447,2617228.1736074197
,_result,0,2026-09-03T04:05:20.64Z,46.03,2182799.932055405,76.73,9083763.711185934,70.06,4958365.81169909,1534608.3360516327
,_result,0,2026-09-03T04:05:20.676Z,27.9,7471467.681559992,11.06,5643299.0832694,66.35,8287901.892447103,13482.33724624892
,_result,0,2026-09-03T04:05:20.692Z,15.29,5043403.221948962,92.26,1452427.0929107675,36.38,9826400.262485588,1615441.0394561226
,_result,0,2026-09-03T04:05:20.71Z,86.45,5194926.893743536,21.76,7852366.317876539,94.08,698836.9289147123,4694209.447854471
,_result,0,2026-09-03T04:05:20.724Z,16.31,8042666.698941283,31.47,6761770.32150551,91.8,6108320.040814751,2108874.876819382
,_result,0,2026-09-03T04:05:20.743Z,90.95,3095509.9242506335,88.04,7002585.66546317,62.01,7607420.561704545,9609465.444248237
,_result,0,2026-09-03T04:05:20.754Z,57.26,1894505.5017406386,66.21,10125.72078971541,26.38,2759685.536077353,3122082.8062114436
,_result,0,2026-09-03T04:05:20.771Z,26.58,1063916.5746928502,43.13,8845401.644154938,92.39,1681936.8681689927,4611144.039924119
,_result,0,2026-09-03T04:05:20.783Z,67.25,189875.96525330664,73.74,9024892.3399669,28.37,5726477.127726659,5247692.912731314
,_result,0,2026-09-03T04:05:20.801Z,19.39,7238304.686668734,10.35,4058447.6188530973,96.69,8910974.156033598,5503146.707244673
,_result,0,2026-09-03T04:05:20.814Z,20.33,3847375.4608549816,97.71,7030400.701655865,82.92,9122840.396903371,4194300.734337428
,_result,0,2026-09-03T04:05:20.832Z,97.23,9352622.268680904,24.4,1175739.8679382824,15.52,7976891.748862971,3260735.9322239393
,_result,0,2026-09-03T04:05:20.844Z,33.2,8954387.963682415,6.19,1242506.1635211743,89.67,1495683.0637554475,6794383.306249171
,_result,0,2026-09-03T04:05:20.859Z,52.32,7683908.866694107,86.39,2328087.031935259,70.03,2950304.701431162,67581.63700174124
,_result,0,2026-09-03T04:05:20.873Z,6.11,2605681.4556873753,55.77,7902483.1291527515,93.61,5320492.511329044,7657985.386539359
,_result,0,2026-09-03T04:05:20.888Z,44.75,758056.8789601516,24.02,5805777.062136414,98.25,6018617.153812951,6638283.2079595355
,_result,0,2026-09-03T04:05:20.898Z,12.7,5712175.792199425,51.92,1200377.7435410058,73.42,5578798.739701137,4204024.263990189
,_result,0,2026-09-03T04:05:20.907Z,76.02,4798949.179776612,45.21,4070879.6627644794,72.92,7472521.703581108,317875.8964821482
,_result,0,2026-09-03T04:05:20.926Z,46.95,5687712.771175737,61.29,5202085.729114374,56.38,4334997.769644443,4746480.655576847
,_result,0,2026-09-03T04:05:20.951Z,33.38,1477409.099445598,63.07,2358966.5077130795,20.29,199357.4632592954,8729021.461440882
,_result,0,2026-09-03T04:05:20.98Z,57.04,7085760.538832629,40.57,2192138.14989353,9.98,4872300.419576684,6839529.2056110045
,_result,0,2026-09-03T04:05:21.006Z,64.77,522132.28082043095,16.3,6149290.470281077,14.26,2227301.397757646,3664427.6379407714
,_result,0,2026-09-03T04:05:21.037Z,55.6,3423793.1047565574,25.31,3140045.2257162957,85.5,1607387.6578332991,8594122.255954148
,_result,0,2026-09-03T04:05:21.058Z,88.75,2144057.1617517513,1.83,6936007.92722972,42.11,5953775.373377635,9678425.365199931
,_result,0,2026-09-03T04:05:21.085Z,51.53,8783455.197740657,62.25,1497757.972831889,94.89,3933490.8917412837,4332663.509842296
,_result,0,2026-09-03T04:05:21.113Z,68.72,145998.7676097496,96.34,9095544.571423434,88.43,785712.5650065732,5210715.43758525
,_result,0,2026-09-03T04:05:21.138Z,7.52,6521843.393404119,31.49,1159696.661084716,57.05,2799992.5204769215,7923406.481335941
,_result,0,2026-09-03T04:05:21.176Z,51.47,1948083.9755797463,16.84,2376298.912819127,4.93,9617971.389097484,9728626.535603615
,_result,0,2026-09-03T04:05:21.2Z,53.33,8230313.841259329,89.63,1669833.502867637,7.63,1246059.7736242872,2271833.81992195
,_result,0,2026-09-03T04:05:21.231Z,83.93,7093749.881269722,44.24,3247267.6088612094,29.93,5733705.269438231,7438672.837475499
,_result,0,2026-09-03T04:05:21.257Z,88.03,8933680.555159515,29.97,7664624.929627053,33.69,9386080.403936641,2395460.190806853
,_result,0,2026-09-03T04:05:21.288Z,46.5,8458346.344330741,35.69,6931921.221611046,75.72,6111201.004323503,7419648.735301242
,_result,0,2026-09-03T04:05:21.311Z,87.75,660456.1934651443,54.86,1136039.5355448094,51.03,4709505.467291167,5187097.748804743
,_result,0,2026-09-03T04:05:21.343Z,99.58,7093373.697929579,97.96,8448431.034680571,17.56,2198519.535607497,684662.4560766912
,_result,0,2026-09-03T04:05:21.364Z,63.09,544110.3859500862,13.44,9848182.663686723,45.45,7428885.064716401,4836409.263219429
,_result,0,2026-09-03T04:05:21.401Z,41.36,4086034.9258468733,51.25,5194473.004398943,9.53,8016773.2441925425,7983350.432152087
,_result,0,2026-09-03T04:05:21.419Z,31.66,2913047.5506404275,23.66,8517114.28505504,10.49,6601226.5361792995,7788161.722846699
,_result,0,2026-09-03T04:05:21.428Z,9.99,7079514.954578137,50.3,566540.3509119571,18.41,8653789.559110507,2311488.341852751
,_result,0,2026-09-03T04:05:21.449Z,30.82,1745253.7674842717,51.78,6415312.595563211,90.71,3234857.995374245,9042185.287671465
,_result,0,2026-09-03T04:05:21.481Z,83.88,8307939.098641782,84.93,7206891.857598627,12.72,2581856.59317944,8803682.494374823
,_result,0,2026-09-03T04:05:21.508Z,43.71,2155878.2670282195,55.2,4005610.1171669387,36.92,99483.0213991993,9831901.09924484
,_result,0,2026-09-03T04:05:21.541Z,44.34,3856196.303431796,90.73,5912061.973287957,17.18,2144172.0550586483,1899453.0043306057
,_result,0,2026-09-03T04:05:21.563Z,62.57,6146449.606946053,57.58,4108208.4868488545,12.85,1741145.745171586,6461765.366555402
,_result,0,2026-09-03T04:05:21.592Z,89.67,1866298.6503283584,36.56,6300575.295654673,1.42,5629805.906483685,6930051.451270931
,_result,0,2026-09-03T04:05:21.616Z,16.43,4198415.581081902,82.84,9193564.266395133,68.85,6540381.331290052,5069219.733863439
,_result,0,2026-09-03T04:05:21.649Z,67.76,3803243.7744706715,35.82,3762996.5841584024,88.03,3862299.6552556143,7862762.2633167105
,_result,0,2026-09-03T04:05:21.671Z,81.36,1174747.2709764228,18.5,9678611.555622572,92.58,2087430.6127073683,9933418.866763787
,_result,0,2026-09-03T04:05:21.708Z,30.27,790177.7893255368,44.91,9613815.224294478,31.44,3947041.7420249814,701000.1272963972
,_result,0,2026-09-03T04:05:21.733Z,20.33,451497.2035182707,38.93,6555849.843427493,36.82,8161191.45148007,5574774.280986395
,_result,0,2026-09-03T04:05:21.765Z,20.26,245195.84253254623,96.57,2104711.7674351656,61.92,5085009.148965519,4718161.538803014
,_result,0,2026-09-03T04:05:21.783Z,0.63,2220000.997285494,6.76,2785564.8663703157,25.6,4337122.385960815,309066.9706814375
,_result,0,2026-09-03T04:05:21.795Z,33.02,3275806.916519243,94.08,4484571.68988903,65.23,2958099.0631800606,313820.4225996066
,_result,0,2026-09-03T04:05:21.811Z,82.38,8963611.387613915,36.73,5973645.57222796,87.44,1681270.0840893923,5800652.378119969
,_result,0,2026-09-03T04:05:21.83Z,78.29,2224718.13320287,38.71,2338475.187559741,52.23,920618.5898388552,9170390.186988939
,_result,0,2026-09-03T04:05:21.84Z,16.91,5893785.202132274,25.07,7480798.461251598,29.43,2706445.3721579006,3720936.6087445505
,_result,0,2026-09-03T04:05:21.855Z,5.98,3652164.2603260875,71.89,3528425.0951012587,0.15,8807797.779794998,524321.0646162189
,_result,0,2026-09-03T04:05:21.865Z,21.99,7897919.62825845,59.73,7633396.21522859,26.42,5180667.016483502,2709927.3267944455
,_result,0,2026-09-03T04:05:21.887Z,57.77,5566275.737766155,38.89,5975918.809698449,85.88,5719252.760151602,9864561.963237613
,_result,0,2026-09-03T04:05:21.914Z,43.42,4640291.14385834,55.83,9452700.86577897,61.66,4821080.508380491,2516731.383652696
,_result,0,2026-09-03T04:05:21.937Z,23.35,3341673.9769980796,99.02,6842374.900734187,72.78,4178256.568084675,7184722.571314173
,_result,0,2026-09-03T04:05:21.958Z,23.15,6010474.785788175,83.33,8806901.547668114,96.07,4828632.652508938,1922985.5034246536
,_result,0,2026-09-03T04:05:21.965Z,60,6080295.200204352,73.78,7474860.337277359,23.77,6841015.713327125,8185717.827460848
,_result,0,2026-09-03T04:05:21.985Z,0.67,9872886.167383222,36.91,8507765.267132318,81.97,45036.62042517065,7389627.588165284
,_result,0,2026-09-03T04:05:22.004Z,61.87,3870268.5885049473,7.28,6719203.2970763305,76.39,5963645.97600892,1798590.3476129207
,_result,0,2026-09-03T04:05:22.033Z,57.1,1195669.630763192,28.84,5790708.600776196,21.24,3584454.7465243535,5918117.268568063
,_result,0,2026-09-03T04:05:22.064Z,41.19,5697724.962902689,66.69,2638008.213584808,13.19,4108178.980710323,8623676.215925558
,_result,0,2026-09-03T04:05:22.093Z,88.33,3732465.6389541845,91.82,897536.7831908221,10.42,4049235.225572956,5459924.874315863
,_result,0,2026-09-03T04:05:22.118Z,67.21,3111857.5503053935,59.29,7967487.34049778,95.98,9563110.69876335,3969492.281048703
,_result,0,2026-09-03T04:05:22.141Z,56.23,5519427.374568348,27.32,6094093.592462618,4.57,9801765.003530402,8978480.752081543
,_result,0,2026-09-03T04:05:22.172Z,62.52,3702655.735591922,56.11,4059181.824543582,86.48,2678165.1639975756,3857849.9892078345
,_result,0,2026-09-03T04:05:22.195Z,13.56,7991343.948304648,72.93,1461454.210677514,95.46,1992820.9286785247,4940344.603040752
,_result,0,2026-09-03T04:05:22.23Z,94.81,8310844.62443572,56.75,8183104.264627149,80.75,4383378.439164865,4010276.368518495
,_result,0,2026-09-03T04:05:22.255Z,62.88,2915987.252214921,7.71,7346308.667413935,8.06,4811179.24574105,901434.4084591663
,_result,0,2026-09-03T04:05:22.283Z,68.17,4303842.644278821,47.56,4366445.084527089,66.21,4345400.929463835,5031486.552198263
,_result,0,2026-09-03T04:05:22.314Z,8.59,808399.8392715052,93.42,1997125.7119875196,9.17,6250981.471971414,8458429.539432459
,_result,0,2026-09-03T04:05:22.34Z,52.23,1040967.4039089344,55.38,3138114.542330537,63.32,1173597.9243488815,8281864.709997099
,_result,0,2026-09-03T04:05:22.368Z,59.91,3937991.069609198,21.74,446365.8313383323,63.6,9271405.842501624,6367036.242113726
,_result,0,2026-09-03T04:05:22.395Z,40.12,9481571.02127288,39.27,607631.508624762,65.29,5004943.648546569,4026520.614824831
,_result,0,2026-09-03T04:05:22.421Z,23.15,8962954.033818757,0.64,2175268.387227588,96.84,9890454.749576468,1622393.9680998034
,_result,0,2026-09-03T04:05:22.444Z,28.05,580063.4509628522,73.9,6722304.154124571,91.87,5259813.734809731,6163817.553281901
,_result,0,2026-09-03T04:05:22.474Z,12.58,9360136.471137794,88.93,8083514.130359642,21.49,923195.1365990776,7595989.901735363
,_result,0,2026-09-03T04:05:22.498Z,69.61,7530845.361343883,36.39,4432957.367465885,88.81,4304556.236531058,7365535.320188641
,_result,0,2026-09-03T04:05:22.532Z,94.35,8175839.919063167,72.11,6428378.861496153,6.09,9602822.063841973,2559564.4844891718
,_result,0,2026-09-03T04:05:22.559Z,77.94,4208810.801330281,60.59,2393254.393508526,36.19,428367.769694793,2385024.1777811265
,_result,0,2026-09-03T04:05:22.591Z,7.74,440187.30662467756,5.95,1084290.2237827613,33.98,8282639.708170887,3769628.2546637105
,_result,0,2026-09-03T04:05:22.612Z,14.26,6638236.522237725,31.22,127485.51348069182,65.37,3265731.5447907285,621214.9462334448
,_result,0,2026-09-03T04:05:22.621Z,77.93,1557095.6164295846,16.27,2848675.2112246817,64.03,3834429.9145099446,912363.6402120028
,_result,0,2026-09-03T04:05:22.646Z,66.78,2257899.415301582,0.57,5510998.041620761,62.47,9308747.483433217,2049368.237818149
,_result,0,2026-09-03T04:05:22.654Z,46.22,1124434.925099216,38.91,632686.0052690019,8.4,4072078.268269461,805460.6628484263
,_result,0,2026-09-03T04:05:22.674Z,43.52,30231.42944293511,7.83,8836651.951465297,46.61,3132859.643203646,5303123.468448459
,_result,0,2026-09-03T04:05:22.684Z,15.03,2442185.009360165,97.52,1029815.1975022651,70.46,2366304.605687174,7855440.283631783
,_result,0,2026-09-03T04:05:22.706Z,0.92,1543149.077240239,62.24,8196273.091334686,34.98,9462645.931853298,5812155.005865145
,_result,0,2026-09-03T04:05:22.717Z,24.06,58655.98348355205,26.57,9576418.541779323,8.15,8773928.559887787,2240775.690396817
,_result,0,2026-09-03T04:05:22.735Z,26.42,3958962.102015878,13.71,9488372.7192453,5.03,7917919.167388631,8807700.107868169
,_result,0,2026-09-03T04:05:22.77Z,55.93,4314832.620068478,62.77,6445713.472757356,91.66,3429154.8049772005,2973851.395143651
,_result,0,2026-09-03T04:05:22.793Z,33.97,317004.2998221489,50.94,5480298.0220939135,99.68,2575389.6338186734,7712473.740067192
,_result,0,2026-09-03T04:05:22.829Z,37.45,6776213.047111661,90.51,8954619.35248903,14.46,8785443.438463628,9999640.541639624
,_result,0,2026-09-03T04:05:22.851Z,32.02,1045124.1633835939,43.73,7868856.272625903,31.32,3614546.422109585,5083181.96334421
,_result,0,2026-09-03T04:05:22.886Z,7.34,7235013.320583661,71.5,1145822.736048573,9.11,9352339.836720178,1587936.7936874179
,_result,0,2026-09-03T04:05:22.921Z,41.12,1181014.9238270873,54.03,4730354.015903604,16.59,9210097.435882077,1994991.2630262456
,_result,0,2026-09-03T04:05:22.961Z,57.51,4295591.539103633,54.83,7955762.196288431,60.99,859111.4381763721,8329843.941747927
,_result,0,2026-09-03T04:05:22.993Z,74.75,7030772.9434523815,47.61,4073814.2684621424,2.34,5904585.03749211,5591017.026148731
,_result,0,2026-09-03T04:05:23.016Z,91.64,9308164.736825736,54.98,2986322.755569867,26.75,2316437.1304698507,4903230.9549992895
,_result,0,2026-09-03T04:05:23.057Z,77.09,8532818.432416545,71.03,5803048.1789828325,41.94,1338388.429416587,2254724.580020221
,_result,0,2026-09-03T04:05:23.08Z,66.48,2616487.8327887096,60.58,3478962.7297880687,0.66,9710250.955841612,4509505.177404567
,_result,0,2026-09-03T04:05:23.115Z,59.4,3415134.1508025844,45.53,8152116.9169378895,49.14,6045605.562794261,9678394.839084368
,_result,0,2026-09-03T04:05:23.134Z,92.67,1658684.044498404,20.69,2395919.8944375115,87.5,484897.6820878248,9222205.797317145
,_result,0,2026-09-03T04:05:23.167Z,34.45,7666866.006075108,52.15,4113613.309404428,64.51,2194325.9632577295,2687193.6738017765
,_result,0,2026-09-03T04:05:23.187Z,73.83,2729253.2896285458,96.45,8365199.456099552,40.39,8332820.684929168,5833059.023087261
,_result,0,2026-09-03T04:05:23.219Z,80.95,5311011.193643946,16.2,104879.42579289644,57.03,9501248.362005863,8275541.612993726
,_result,0,2026-09-03T04:05:23.24Z,66.79,8075890.985867603,33.59,5610293.980134127,88.76,8542870.856862117,7164564.29129921
,_result,0,2026-09-03T04:05:23.251Z,18.97,402870.8655711111,46.36,7000526.873045873,94.48,9850212.39691362,4686715.212839588
,_result,0,2026-09-03T04:05:23.272Z,30.83,327359.56162333157,12.61,3424168.833138442,84.05,6625017.048404086,842034.3173484767
,_result,0,2026-09-03T04:05:23.302Z,81.69,763243.859256224,55.56,5245680.287589167,44.69,6171691.158354948,2972550.837087107
,_result,0,2026-09-03T04:05:23.322Z,28.22,3405127.0548826107,69.56,8676179.82569521,6.56,1400970.5599583867,7277900.970469083
,_result,0,2026-09-03T04:05:23.329Z,65.26,1093842.8609715523,81.07,247340.82913016487,94.31,9610480.313143255,2177839.900274291
,_result,0,2026-09-03T04:05:23.35Z,15.59,8620196.895750651,14.22,1786384.462757058,81.44,695077.752726978,5016074.571757557
,_result,0,2026-09-03T04:05:23.383Z,97.16,102464.9443228709,31.39,6983176.038791563,58.21,4855804.251619814,4495664.115055398
,_result,0,2026-09-03T04:05:23.403Z,67.4,6358623.868948997,52.94,5709368.480450084,26.68,8613490.075841675,3784455.859444742
,_result,0,2026-09-03T04:05:23.43Z,85.16,9197694.9466514,73.88,291101.1180978662,35.88,360473.45856794366,6631526.27845277
,_result,0,2026-09-03T04:05:23.455Z,71.96,5410111.352864174,86.69,332571.119978734,24.46,4837079.638983305,8860983.912619535
,_result,0,2026-09-03T04:05:23.477Z,90.75,2243383.5513792313,13.6,6534515.100822748,58.34,7475600.767678498,4299571.814558816
,_result,0,2026-09-03T04:05:23.507Z,47.61,1679295.5199056447,51.44,387398.7768178777,62.65,6256946.040596241,3964848.9770780657
,_result,0,2026-09-03T04:05:23.527Z,8.4,4118659.0609649722,4.09,5476617.522263966,94.62,4097442.62460936,1579020.116338272
,_result,0,2026-09-03T04:05:23.535Z,99.38,30049.459832137694,63.29,3505372.5364857735,27.74,1503712.7730515455,8744772.868596477
,_result,0,2026-09-03T04:05:23.559Z,22.29,3178746.6732471236,90.98,2301837.5708126095,96.56,6516301.852929731,6386830.293516243
,_result,0,2026-09-03T04:05:23.583Z,47.45,8117615.161353754,36.95,3954920.993174904,61.77,4641357.020075447,366931.50195503567
,_result,0,2026-09-03T04:05:23.616Z,77.28,4505850.246303626,85.26,3238180.044532236,92.17,3432828.9382322095,9555373.693571653
,_result,0,2026-09-03T04:05:23.665Z,2.88,6453463.959567789,88.21,5227094.55409363,76.46,2816935.914938866,4407304.392997001
,_result,0,2026-09-03T04:05:23.7Z,38.76,1105350.842509627,84.18,3107099.1754962653,21.49,7564898.997860342,389043.42972902686
,_result,0,2026-09-03T04:05:23.748Z,19.38,828495.7526324111,61.49,9471025.602159077,36.15,9887515.793980276,5037783.498806935
,_result,0,2026-09-03T04:05:23.772Z,97.82,4249339.763267408,24.64,9936123.789765675,84.68,4473934.482792575,7327084.510914668
,_result,0,2026-09-03T04:05:23.793Z,17.5,2734749.269414114,66.89,7047786.008458836,5.41,5074706.657983404,2967577.886348409
,_result,0,2026-09-03T04:05:23.822Z,10.65,2759418.3959924835,21.97,9894920.843438208,44.38,6503182.758490843,2223776.7164206547
,_result,0,2026-09-03T04:05:23.841Z,63.78,723636.7707086334,1.48,4001496.153566755,84.04,9684344.337544851,192140.46543168605
,_result,0,2026-09-03T04:05:23.87Z,20.09,6782594.550657027,68.59,3142435.00487525,65.36,1679031.9673395648,1590841.31865035
,_result,0,2026-09-03T04:05:23.884Z,62.24,1331423.0034080555,60.77,7948727.293484102,70.38,1394024.8833547065,8069837.312402022
,_result,0,2026-09-03T04:05:23.894Z,90.17,9003917.44965742,87.03,3641496.867806142,47.09,1042729.4623615169,4754614.380756352
,_result,0,2026-09-03T04:05:23.918Z,39.43,3595367.1131416154,24.58,9424362.63135637,89.95,9489815.474796962,2439586.3029050212
,_result,0,2026-09-03T04:05:23.944Z,32.05,9783708.55051778,27.08,7159087.595844072,22.57,5549478.738658038,6618057.86608254
,_result,0,2026-09-03T04:05:23.96Z,7.65,8484533.88607518,33.85,5246989.366625844,10.85,3867446.4283198407,4924637.497904695
,_result,0,2026-09-03T04:05:23.985Z,28.42,3106886.562659892,50.23,5253475.900879927,36.92,1106241.3228764655,1687052.6610530557
,_result,0,2026-09-03T04:05:23.995Z,54.86,3410282.5405139457,6.18,8199328.129215714,94.19,2470929.1004638257,8012449.675028482
,_result,0,2026-09-03T04:05:24.013Z,91.57,8947740.123404225,82.94,2590431.822753577,95.81,2783648.8185926555,8389584.75960818
,_result,0,2026-09-03T04:05:24.024Z,43.14,3522166.367013113,88.03,2981566.158048419,86.02,7827096.484705501,9936025.953966646
,_result,0,2026-09-03T04:05:24.045Z,65.26,6442100.93720755,23.89,9542888.70542123,99.44,7676846.669876864,4053619.619779751
,_result,0,2026-09-03T04:05:24.052Z,85.91,1537205.879183846,65.28,1155104.7849421469,10.69,3252210.3082218645,6330201.627452038
,_result,0,2026-09-03T04:05:24.072Z,36.7,4551659.729816323,54.32,4015733.451728385,36.64,9415555.840970306,4703393.632031165
,_result,0,2026-09-03T04:05:24.08Z,89.74,4078828.9132309165,72.47,3014565.184015351,55.29,2847685.68712635,4129903.7850617794
,_result,0,2026-09-03T04:05:24.1Z,29.84,2657602.3955431725,22.81,211908.437229007,66.94,7331658.841869101,3455027.717589241
,_result,0,2026-09-03T04:05:24.107Z,74.61,9514159.798681142,67.68,5393847.816487739,48.55,5157179.009353927,5231575.689970629
,_result,0,2026-09-03T04:05:24.128Z,12.18,4257979.114406553,8.93,597647.8381273164,67.92,5884528.189372035,9235262.241521956
,_result,0,2026-09-03T04:05:24.135Z,16.14,1534994.4720929,32.95,1500025.107372871,95.01,3899669.6438985323,6984376.54185344
,_result,0,2026-09-03T04:05:24.16Z,75.92,7359775.683620088,42.41,433114.4630692196,16.87,8717017.046729295,6942711.520876228
,_result,0,2026-09-03T04:05:24.197Z,2.56,4329061.387481451,9.62,2577792.2606410817,68.75,9793891.603349311,5059017.349453471
,_result,0,2026-09-03T04:05:24.212Z,74.81,2384164.1091422485,96.87,6739050.685771615,4.22,6136880.981742978,5644641.947055933
,_result,0,2026-09-03T04:05:24.221Z,89.42,1277491.51842243,84.96,569772.3563743484,31.74,1340231.8005871405,3475467.049410299
,_result,0,2026-09-03T04:05:24.239Z,52.59,5606516.484069986,51.81,1089737.0559468933,16.41,5289732.194812193,4043509.6106679826
,_result,0,2026-09-03T04:05:24.249Z,75.66,5467417.562537563,51.63,8780644.428750677,77.69,2752240.367542749,67926.53935698389
,_result,0,2026-09-03T04:05:24.267Z,14.03,385673.0200043057,68.98,3958236.4822312575,71.37,6273572.382472493,6545138.592564812
,_result,0,2026-09-03T04:05:24.282Z,65.65,223367.21449804364,93.03,6614953.146151149,29.93,4389856.301522483,4475362.955344547
,_result,0,2026-09-03T04:05:24.298Z,78.48,1736330.672866976,46.98,7693551.703679368,35.49,1411762.3037127792,1867670.6206188
,_result,0,2026-09-03T04:05:24.31Z,39.25,8505450.18857532,93.3,5936514.109004661,25.07,4265434.922516238,2997868.6745919324
,_result,0,2026-09-03T04:05:24.328Z,18.97,1064444.159985889,65.43,3997715.8475813647,1.74,3398825.5254107867,9279238.412011096
,_result,0,2026-09-03T04:05:24.34Z,0.59,4762838.167572757,90.06,2105743.027861964,53.49,2589134.5502677998,3328504.403003185
,_result,0,2026-09-03T04:05:24.358Z,5.05,4106538.0559135787,45.14,564321.3108287315,17.73,9004765.801774867,3096924.118098373
,_result,0,2026-09-03T04:05:24.372Z,62.43,1986440.3559057908,21.19,7287778.8300681915,85.83,4438787.333565356,8240162.2375811655
,_result,0,2026-09-03T04:05:24.391Z,25.03,4086123.911838536,95.32,5522240.590157673,16.65,9769423.330648258,3642218.0475717657
,_result,0,2026-09-03T04:05:24.419Z,44.26,4084059.0691223545,67.91,257835.34196378465,74.52,1250170.269427331,8418575.195892507
,_result,0,2026-09-03T04:05:24.431Z,83.68,486296.02683844866,69.78,6128953.855499263,71.6,237033.48757264542,7199186.628012927
,_result,0,2026-09-03T04:05:24.446Z,68.78,9459549.456354888,70.31,2349486.2358189095,40.56,2728121.1149054584,2976251.1880642474
,_result,0,2026-09-03T04:05:24.461Z,33.33,3253347.6702361107,2.36,4906023.003454825,25.86,6481910.822634108,466684.34064941254
,_result,0,2026-09-03T04:05:24.478Z,78.96,1476394.8773836887,24.87,7057324.431395422,36.52,8959098.679930389,7261012.851840183
,_result,0,2026-09-03T04:05:24.487Z,79.74,8962239.579713844,40.83,41143.36752004344,82.69,68201.58531075426,6867348.160726837
,_result,0,2026-09-03T04:05:24.508Z,42.64,8370566.037340456,77.87,5683744.138947382,84.51,4202605.755224089,9097525.563397985
,_result,0,2026-09-03T04:05:24.539Z,44.18,4002095.322601147,49.78,7488638.637555174,41.36,1267373.4086357858,4312238.165810808
,_result,0,2026-09-03T04:05:24.556Z,13.91,6263629.884201038,11.18,9517887.868672652,48.89,2034426.064774867,3956509.5772332116
,_result,0,2026-09-03T04:05:24.568Z,64.71,9903767.034470959,85.67,5784444.618428331,51.2,9573149.05207207,3168800.8378680423
,_result,0,2026-09-03T04:05:24.586Z,10.67,7090150.03348115,60.57,9483849.815908086,53.17,7791431.7867367165,3333626.3630440775
,_result,0,2026-09-03T04:05:24.599Z,38.73,8964131.74924082,51.85,665860.9996337661,28.9,8795603.811848609,666047.8008987237
,_result,0,2026-09-03T04:05:24.613Z,28.54,6689775.957954729,32.15,6047846.865938573,9.42,1333489.296646354,7120367.84802716
,_result,0,2026-09-03T04:05:24.623Z,68.12,677216.2975726837,83.53,3942684.4740907974,79.39,1255277.0883975106,5895758.488256291
,_result,0,2026-09-03T04:05:24.638Z,43.78,9100854.789658029,86.02,4045771.715992338,81.36,877865.8375127179,4599116.341776694
,_result,0,2026-09-03T04:05:24.654Z,82.95,7894068.795765109,73.23,4444567.334250251,3.48,8997942.941142421,6186305.340754238
,_result,0,2026-09-03T04:05:24.665Z,32.64,2506212.174733482,23.86,5488864.823722806,46.19,3571006.2679563924,9007918.358097626
,_result,0,2026-09-03T04:05:24.683Z,31.62,3467271.7673432794,28.56,4632342.509296746,6.68,3440057.1934194835,8563304.712653099
,_result,0,2026-09-03T04:05:24.695Z,89.88,9661706.546889449,98.27,4561524.432904057,83.12,3665017.469422027,3887584.577558845
,_result,0,2026-09-03T04:05:24.712Z,19.9,751760.5215596324,5.56,7685599.908765899,85.28,9913303.681270257,8363493.162241444
,_result,0,2026-09-03T04:05:24.725Z,46.77,4449729.151494459,90.38,2596187.4094584594,63.52,1202919.019768791,2782743.677893872
,_result,0,2026-09-03T04:05:24.743Z,61.73,4098942.5591278984,56.37,9036840.27809046,49.99,1043353.392275147,6280593.5998767745
,_result,0,2026-09-03T04:05:24.755Z,51.18,4216570.175954553,34.67,3367813.801763052,43.12,4920450.564474457,3458392.8694149335
,_result,0,2026-09-03T04:05:24.773Z,6.34,9284228.245404148,0.22,6444619.245397277,45.31,1519127.851205877,3085274.1697302377
,_result,0,2026-09-03T04:05:24.785Z,12.82,5240307.664589253,83.34,7752800.583311222,41.31,7015636.288779813,9290250.305571005
,_result,0,2026-09-03T04:05:24.8Z,72.86,4167288.5292036845,24.74,7837830.734245028,4.2,7202648.599684366,7102833.235006121
,_result,0,2026-09-03T04:05:24.809Z,97.4,9274632.694645077,11.85,7358246.001571234,72.03,9981208.910597945,10591.23760488445
,_result,0,2026-09-03T04:05:24.825Z,26.87,8398613.677147537,96.34,5971366.84145897,9.13,8630658.287667083,6347440.477613838
,_result,0,2026-09-03T04:05:24.836Z,75.38,9630865.219517455,25.72,7343235.681792917,5.46,1661336.4334350077,9984562.051012348
,_result,0,2026-09-03T04:05:24.848Z,87.34,3482784.7840132266,90.1,8819954.316688644,14.04,5622039.178178066,8261677.090591837
,_result,0,2026-09-03T04:05:24.866Z,8.87,2069493.0652955845,31.54,3181345.748508093,93.08,7231710.698542451,225784.79521727757
,_result,0,2026-09-03T04:05:24.88Z,60.94,3855706.8305619936,34.49,4245251.766571021,14.05,1677213.7470292258,6604069.411596045
,_result,0,2026-09-03T04:05:24.895Z,92.86,7095377.8343792865,9.05,9882702.471825592,37.57,9635709.469714021,135855.4449669691
,_result,0,2026-09-03T04:05:24.905Z,59.24,3398539.481691063,96.23,1653455.5417986508,82.1,8144811.761315057,6735600.420470755
,_result,0,2026-09-03T04:05:24.923Z,28.23,1545366.988028809,3.33,960720.8346349238,10.57,9814536.048626045,5011454.978598619
,_result,0,2026-09-03T04:05:24.936Z,90.3,7411055.4444543645,4.37,6710202.805587844,24.62,1099205.291444566,806653.692073005
,_result,0,2026-09-03T04:05:24.956Z,60.86,82091.90867933702,2.29,7907836.171914205,38.13,98315.47359405058,5433153.88348844
,_result,0,2026-09-03T04:05:24.998Z,10.09,9823598.066864148,3.92,4893970.968380164,63.67,4351424.884302881,5976119.259089254
,_result,0,2026-09-03T04:05:25.016Z,18.44,693396.0377617087,51.63,407603.1944744318,42.74,5189535.99023229,3063231.8466744414
,_result,0,2026-09-03T04:05:25.052Z,47.35,1680469.562446667,36.79,5190805.902602232,99.99,5139965.841447769,2759539.579505196
,_result,0,2026-09-03T04:05:25.078Z,90.72,5111847.617426321,92.2,7751250.954345813,20.95,6005073.792328082,4188649.188644491
,_result,0,2026-09-03T04:05:25.11Z,37.76,5906473.8689338025,82.83,5610417.856916674,22.76,9450809.983694393,2396502.9341688748
,_result,0,2026-09-03T04:05:25.133Z,41.15,4164476.968515698,79.58,7427343.09692268,52.28,563044.2056403562,100687.04501859371
,_result,0,2026-09-03T04:05:25.165Z,0.69,4606.822275021738,76.91,7546844.386719222,24.33,5846348.187828206,8317797.262051942
,_result,0,2026-09-03T04:05:25.19Z,19.97,6898065.723557235,2.43,8387753.272870078,51.03,9685750.859943124,9142514.82914568
,_result,0,2026-09-03T04:05:25.221Z,6.71,8798176.895210564,41.7,2921083.894502464,68.09,9054503.076469455,1828546.0119255127
,_result,0,2026-09-03T04:05:25.246Z,61.86,6646945.762040847,33.12,6240910.284657918,96.28,6129550.334509622,7903726.466565858
,_result,0,2026-09-03T04:05:25.28Z,46.31,5145457.805187283,96.15,2713616.127551204,33.71,3759671.603592993,5532772.760456769
,_result,0,2026-09-03T04:05:25.309Z,45.2,9908797.000887888,45.14,3458662.1277214247,76.25,1513171.2870565427,5034004.07830961
,_result,0,2026-09-03T04:05:25.335Z,94.29,6056847.489837212,77.98,7095172.165180852,61.13,3728638.5237035016,4486839.8843834875
,_result,0,2026-09-03T04:05:25.368Z,90.79,4078517.1310508084,81.11,6904591.975387812,54.96,4981755.516026404,6104710.64516555
,_result,0,2026-09-03T04:05:25.396Z,33.4,3705866.995849498,75.83,7077028.017195292,88.99,9111005.978781702,6659479.638290211
,_result,0,2026-09-03T04:05:25.428Z,93.47,9479618.208951816,77.35,8411266.208033048,73.87,3060779.144951552,1734327.1054598552
,_result,0,2026-09-03T04:05:25.448Z,76.73,7079807.560941458,98.17,9771334.569739053,83.58,7110177.32726202,157303.57081669476
,_result,0,2026-09-03T04:05:25.481Z,48.63,3863576.59541819,74.01,2343374.7486173795,50.65,3756215.816502809,7344071.991707355
,_result,0,2026-09-03T04:05:25.509Z,20.13,1656297.3702754725,56.68,3836123.2427736004,74.07,3072057.02365397,5728171.498788421
,_result,0,2026-09-03T04:05:25.532Z,67.47,1195267.0432167423,73.75,9130286.345002465,26.83,6060253.73655864,8637766.932791837
,_result,0,2026-09-03T04:05:25.559Z,46.78,449005.8551943432,78.86,4616584.524458612,96.74,4980369.632421023,8597048.281921811
,_result,0,2026-09-03T04:05:25.583Z,65.18,9819620.812644789,56.52,5708793.389828944,54.76,7809192.593533598,1541437.2594090642
,_result,0,2026-09-03T04:05:25.611Z,47.53,3686002.3273863043,87.48,7642533.850876778,87.83,7450238.005462714,8222853.29032421
,_result,0,2026-09-03T04:05:25.636Z,78.53,7325272.766964757,72.97,5914079.77951401,46.4,5129861.444580095,9747101.3898618
,_result,0,2026-09-03T04:05:25.669Z,60.56,2536248.915952588,91.56,4071995.5045567313,31.67,820575.9442428817,1709585.8493731131
,_result,0,2026-09-03T04:05:25.688Z,74,3695759.0990019618,6.49,8977920.646298286,42.03,7959981.678287336,7836659.62758892
,_result,0,2026-09-03T04:05:25.696Z,5.87,8309492.744183497,97.79,4697116.502571347,88.48,6239279.2772342255,625080.8491827708
,_result,0,2026-09-03T04:05:25.719Z,92.89,7742349.22618904,32.41,1556322.3371209877,10.13,8865633.065122671,6130815.190594645
,_result,0,2026-09-03T04:05:25.727Z,22.01,6486027.671682543,41.72,8838236.819599492,17.78,4112436.9828199027,8110255.739873817
,_result,0,2026-09-03T04:05:25.749Z,32.69,9242683.983087284,16.45,8233888.372206295,16.03,3986107.080016065,525865.3826730764
,_result,0,2026-09-03T04:05:25.759Z,89.04,9772605.961880213,21.49,1646287.973315721,82.18,1505616.2368514792,4200620.712803868
,_result,0,2026-09-03T04:05:25.78Z,58.64,3133420.732891079,44.12,83646.14460921072,87.44,4408733.762058357,2245660.6166178016
,_result,0,2026-09-03T04:05:25.792Z,62.44,8792460.811261885,54.87,1010024.0421897843,25.38,83070.47438349202,7629499.305763413
,_result,0,2026-09-03T04:05:25.807Z,87.53,5181901.457632456,79.48,2717758.617120264,50.02,5602775.02377282,6568418.512355786
,_result,0,2026-09-03T04:05:25.815Z,53.94,6118491.73844381,69.76,8544167.602026625,22.02,6680341.822264978,5081325.449617201
,_result,0,2026-09-03T04:05:25.838Z,84.93,1105440.35906183,29.07,6251946.366785494,60.33,3437231.269787774,5979228.250126536
,_result,0,2026-09-03T04:05:25.845Z,32.49,5234923.363955729,32.28,6036774.553551818,53.92,1767073.3913989011,7437688.310298131
,_result,0,2026-09-03T04:05:25.869Z,97.52,4936148.100530662,38.44,1571208.995002894,15.69,1305145.6899737667,1409585.243918855
,_result,0,2026-09-03T04:05:25.895Z,34.96,3882944.862057285,96.87,8878597.533081885,19.29,6646204.762348603,7723262.047332199
,_result,0,2026-09-03T04:05:25.923Z,81.47,6104112.641558945,27.15,4397406.693621784,78.43,8405151.95586212,3178151.59298908
,_result,0,2026-09-03T04:05:25.949Z,71.53,8213038.144503512,23.27,2882531.9414723236,17.94,280688.1571141684,5380940.946826979
,_result,0,2026-09-03T04:05:25.972Z,10.3,9078246.00547273,22.02,9193084.031464146,91.83,4380771.227071512,1151296.3244911812
,_result,0,2026-09-03T04:05:25.987Z,30.81,7132630.614141008,64.33,76018.56888527214,11.04,971822.6922773098,9206212.241720729
,_result,0,2026-09-03T04:05:26Z,53.56,6143132.3128853785,92.15,3494588.754377389,1.81,7865796.626607321,1571356.8137228894
,_result,0,2026-09-03T04:05:26.021Z,45.61,3917163.9274232197,38.52,1958370.0145387729,87.13,2651595.586373454,7724544.807376804
,_result,0,2026-09-03T04:05:26.031Z,47.05,1390900.0590423548,68.27,5755185.502398023,86.91,2609353.175146435,3550654.2235811846
,_result,0,2026-09-03T04:05:26.048Z,71.88,680006.0468217462,26.64,8689212.365628226,3.96,1726332.0226239853,2800855.5828452907
,_result,0,2026-09-03T04:05:26.059Z,1.16,5762753.832027264,13.98,5638485.680826879,16.92,5432341.024409971,3427697.169737177
,_result,0,2026-09-03T04:05:26.079Z,77.19,7908579.721312402,89.18,5695266.072220224,52.55,8022280.775412594,9122224.68444611
,_result,0,2026-09-03T04:05:26.091Z,2.3,1093254.179175156,82.18,3500036.7962580402,30.74,3672131.0569493105,8133820.745396178
,_result,0,2026-09-03T04:05:26.106Z,31.16,1424272.226377622,81.31,3083992.9651320553,23.54,7096286.189582368,2502686.608826471
,_result,0,2026-09-03T04:05:26.116Z,91.91,3760855.861795116,82.05,5553136.879525539,76.95,9652139.665520737,5943798.398630252
,_result,0,2026-09-03T04:05:26.131Z,25.78,5987698.936988992,16.35,6510182.163939611,78.55,5238481.787785989,1936291.428371265
,_result,0,2026-09-03T04:05:26.141Z,13.35,4482975.606740589,77.21,2565784.92778634,74.89,7769293.471434749,7466078.5693427045
,_result,0,2026-09-03T04:05:26.156Z,29.12,6164956.613878102,64.72,7822604.624953561,73.52,3148343.3894999833,6621024.543697711
,_result,0,2026-09-03T04:05:26.166Z,20.22,6941924.010735777,76.51,8235927.233500993,51.99,9376839.750317674,3024171.069398881
,_result,0,2026-09-03T04:05:26.177Z,33.97,1372714.7531044292,16.62,1328772.8329405524,81.95,4178297.8725373144,6693262.755385414
,_result,0,2026-09-03T04:05:26.19Z,85.57,4466075.625158435,92.88,1721553.2504510267,9.84,366205.4228901546,8690327.325910958
,_result,0,2026-09-03T04:05:26.205Z,27.24,1620161.4048654856,90.68,5685192.5067381635,63.82,4004703.744091438,5198157.326688909
,_result,0,2026-09-03T04:05:26.215Z,50.28,359773.79168751213,72.61,1093121.4629029494,89.17,3983489.8783455463,7084697.711531422
,_result,0,2026-09-03T04:05:26.23Z,8.27,4057414.1490516635,41.1,7311686.589463299,48.13,5333227.557799147,5943105.591976242
,_result,0,2026-09-03T04:05:26.241Z,6.66,8270826.755285724,2.3,892731.4739178572,5.92,310404.4889132152,355628.67692981
,_result,0,2026-09-03T04:05:26.256Z,9.19,300779.2200798009,75.49,554259.9168858975,25.41,2964395.5999370217,9063342.180338135
,_result,0,2026-09-03T04:05:26.269Z,15.14,9887465.935297072,43.9,4615090.315014867,24.14,5230274.418207708,2720805.517793794
,_result,0,2026-09-03T04:05:26.285Z,1.8,8857878.55186384,4.07,820885.4787097109,63.27,4221992.10246452,1302920.7579242897
,_result,0,2026-09-03T04:05:26.293Z,43.47,2539235.831679824,62.95,9080478.87015461,79.44,3607604.3690728876,2678183.841723546
,_result,0,2026-09-03T04:05:26.307Z,72.84,5053236.308650614,50.84,7750875.423704746,75.02,7330846.763084792,6066045.1084350385
,_result,0,2026-09-03T04:05:26.317Z,50.89,2874158.555619898,81.83,5082983.626941733,40.68,3049080.083869513,4046807.1252128533
,_result,0,2026-09-03T04:05:26.333Z,89.19,32325.085085828097,38.56,63222.76844884955,15.31,3920118.6071486515,7612782.342777343
,_result,0,2026-09-03T04:05:26.348Z,97.98,1219181.4874138918,26.52,3998111.8574631712,86.12,8417213.67792886,2180741.4709884576
,_result,0,2026-09-03T04:05:26.365Z,21.85,2718557.5058779544,9.26,4968126.980754269,70.04,6423543.857317941,1245282.825266103
,_result,0,2026-09-03T04:05:26.379Z,66,1862397.5153949857,88.49,884018.1210088738,13.58,4601682.761756599,929524.9092942982
,_result,0,2026-09-03T04:05:26.393Z,6.44,9426902.990369648,58.53,3892692.3905378254,69.01,3300070.990286048,39482.93859713181
,_result,0,2026-09-03T04:05:26.409Z,49.87,3822275.3351813275,14.68,1189218.0752340287,61.39,2597923.6909451853,6498439.328667406
,_result,0,2026-09-03T04:05:26.428Z,97.93,3315324.610618198,66.17,7499930.1137852715,62.53,1666635.5951402744,2452919.355364136
,_result,0,2026-09-03T04:05:26.441Z,46.23,5563298.282860714,85.59,9414632.80970069,99.55,702748.2471903334,8525338.897460423
,_result,0,2026-09-03T04:05:26.464Z,82.21,7751664.267767494,95.59,8794306.796239609,59.9,6712614.511736848,3756785.637845851
,_result,0,2026-09-03T04:05:26.507Z,89.86,9832774.252192335,14.6,5845427.001858695,3.01,5550303.683239087,3021733.5417947187
,_result,0,2026-09-03T04:05:26.531Z,43.41,2001578.827274969,14.02,3946453.5814786316,34.4,4268884.040009266,4968365.511918233
,_result,0,2026-09-03T04:05:26.543Z,94.37,2240397.9410949037,25.42,8447307.947688846,23.21,3154874.2643860094,1526239.7549031992
,_result,0,2026-09-03T04:05:26.563Z,56.9,3817301.303926638,70.66,7629880.119509144,4.66,9581346.801875459,5550370.295463563
,_result,0,2026-09-03T04:05:26.593Z,78.13,2667182.4934644937,52.98,8829147.872677792,93.62,694573.6731581631,5615354.199829496
,_result,0,2026-09-03T04:05:26.614Z,28.27,5283587.405814246,12.08,916903.4537855558,29.56,730062.3102397019,1712674.0066708424
,_result,0,2026-09-03T04:05:26.645Z,87.7,3403994.897614251,34.18,962067.2315566458,8.73,1371382.9629411323,8886370.799017077
,_result,0,2026-09-03T04:05:26.67Z,37.77,9199321.61484388,24.19,331851.46843497606,22.48,9618343.158177055,3399581.88993573
,_result,0,2026-09-03T04:05:26.699Z,86.52,3956586.0609126003,97.07,9140629.417485762,21.76,5505329.537268397,1332881.1217894931
,_result,0,2026-09-03T04:05:26.719Z,17.77,3818657.757110251,66.17,85058.03985343175,96.97,1029944.5707033128,3370557.3052379554
,_result,0,2026-09-03T04:05:26.728Z,8.66,834516.3740706841,83.15,714341.5240262286,78.57,6506428.397026565,7734796.501054777
,_result,0,2026-09-03T04:05:26.747Z,70.59,1853383.242496407,18.43,2209249.107116883,89.31,3393958.1239793836,1271037.9711840493
,_result,0,2026-09-03T04:05:26.758Z,92.12,6453364.272248454,18.02,4585029.578319724,4.03,9785515.930678658,6122024.705222624
,_result,0,2026-09-03T04:05:26.779Z,5.13,2437096.8964608843,36.84,7172386.04740198,95.73,2879908.340070284,7036593.17609701
,_result,0,2026-09-03T04:05:26.808Z,93.47,6090997.11102152,16.29,4840523.130603123,52.44,9174062.41166107,5972664.581881807
,_result,0,2026-09-03T04:05:26.835Z,44.98,1393571.5355158595,7.07,650340.5787368066,83.21,4418960.911748521,3410295.548211867
,_result,0,2026-09-03T04:05:26.867Z,76.14,4074949.191729156,21.35,7036871.198199185,35.53,1915976.964287851,5837792.482018925
,_result,0,2026-09-03T04:05:26.886Z,3.99,2256070.4496474946,55.28,3456274.2329806895,66.35,6462887.588423843,2860932.8914835686
,_result,0,2026-09-03T04:05:26.893Z,20.69,4867333.760521279,26.77,1642519.6352791484,62.89,4839940.87107535,3461453.495276611
,_result,0,2026-09-03T04:05:26.913Z,72.11,131263.58452587583,59.53,6569996.829486032,30.75,5291174.934697093,5027710.61196499
,_result,0,2026-09-03T04:05:26.921Z,33.58,3530528.9657373405,68.54,5554817.378296878,60.4,3649588.3274008045,3049836.591408471
,_result,0,2026-09-03T04:05:26.941Z,75.51,8825365.810792461,44.43,7920487.868530438,0.24,768131.1233404897,3732832.662157276
,_result,0,2026-09-03T04:05:26.97Z,36.34,2668723.6869718665,8.19,6154302.688343989,24.73,2774516.9352811626,1436967.0809078806
,_result,0,2026-09-03T04:05:26.996Z,87.16,6134023.681821667,91.73,5355864.489228473,64.87,8198790.948849672,4317697.41621204
,_result,0,2026-09-03T04:05:27.024Z,60.42,339666.72823786736,55.68,8175889.0626729,29.12,7754237.858647188,8070727.669934699
,_result,0,2026-09-03T04:05:27.065Z,32.66,4494821.268858102,6.62,2305326.0988531522,90.12,4250540.421970921,1807538.6535400562
,_result,0,2026-09-03T04:05:27.096Z,49.1,6184421.275804734,29.31,5234223.80148339,11.9,2975688.76156299,9151659.940104881
,_result,0,2026-09-03T04:05:27.125Z,82.04,8216703.87057837,7.87,4993703.645957007,16.18,4711352.071391914,8060789.848760885
,_result,0,2026-09-03T04:05:27.159Z,61.14,6042113.453905006,96.01,8891454.001788285,59.31,438062.4625234597,7924083.073332498
,_result,0,2026-09-03T04:05:27.192Z,45.61,7354489.850403561,25.87,687809.9178730258,58.79,7287905.084104375,5102533.087956744
,_result,0,2026-09-03T04:05:27.236Z,78.79,22260.989526362573,6.11,4972230.280011992,59.46,9911968.629290294,5693843.775857368
,_result,0,2026-09-03T04:05:27.256Z,7.51,7584424.52488769,64.34,7672440.428988409,60.15,9110403.531321317,383731.4665644287
,_result,0,2026-09-03T04:05:27.263Z,87.42,593270.0134380531,11.07,1130799.6388403275,25.59,9973201.167883985,2340516.5417408715
,_result,0,2026-09-03T04:05:27.281Z,78.11,3485084.0148851057,81.59,9434651.10519523,18.87,2478050.4634173117,7550229.6530336
,_result,0,2026-09-03T04:05:27.291Z,90.63,4000014.0841763853,60.71,6539251.886171842,44.93,1348971.9610619643,3241956.5060652187
,_result,0,2026-09-03T04:05:27.311Z,44.95,7766076.208876414,44.73,6355383.642348373,53.86,9733005.414036654,7178502.158272128
,_result,0,2026-09-03T04:05:27.321Z,64.52,3926928.757181897,0.18,9967879.129012832,51.39,8629593.781425657,3595255.3834281787
,_result,0,2026-09-03T04:05:27.34Z,83.76,2086178.481846923,1.68,8618786.332170613,17.55,9941315.513683276,2500928.3731008023
,_result,0,2026-09-03T04:05:27.349Z,70.9,3691680.236038498,3.8,4158699.6681746747,19.96,7253801.209785283,432835.9653788505
,_result,0,2026-09-03T04:05:27.371Z,49.88,1435062.4090685437,50.79,9812292.015502557,18.93,9662220.861325502,2052015.7365320157
,_result,0,2026-09-03T04:05:27.382Z,79.78,3994379.6466239523,74.12,7067381.062590579,92.46,7848184.873109071,1094573.690715691
,_result,0,2026-09-03T04:05:27.403Z,77.97,9396343.035066511,77.12,9168705.662889358,80.42,1256046.441197599,2742416.28916294
,_result,0,2026-09-03T04:05:27.434Z,29.42,4080135.4747920614,67.21,4681242.99246594,54.86,66418.09831456013,7674321.779905182
,_result,0,2026-09-03T04:05:27.451Z,44.22,4192206.2092964165,45.28,7057199.778904851,0.66,6926821.502878284,1868316.615988811
,_result,0,2026-09-03T04:05:27.46Z,10.2,5889099.077441003,53.09,7260877.619027486,24.41,2707645.9479892445,9613571.124659501
,_result,0,2026-09-03T04:05:27.482Z,61.39,3898039.314782281,91.12,6631475.009525059,24.06,8395066.65726845,4565073.065235674
,_result,0,2026-09-03T04:05:27.508Z,14.26,615871.7243034128,4.57,1891429.8205414426,55.05,2611372.6030555097,4267112.799820151
,_result,0,2026-09-03T04:05:27.54Z,25.71,9256133.761606662,5.09,72591.24468921407,36.98,1599729.8034854445,121375.75482503381
,_result,0,2026-09-03T04:05:27.559Z,7.99,873739.7786685363,53.24,1958661.4211859354,26.52,7775694.613697377,9534795.6606316
,_result,0,2026-09-03T04:05:27.569Z,91.65,8678329.633481005,86.42,8168626.5377560565,9.97,2127914.2277872474,8987833.160467878
,_result,0,2026-09-03T04:05:27.591Z,99.51,6729520.150612339,77.14,4860140.225669971,3.91,8680555.036674466,5881974.860924896
,_result,0,2026-09-03T04:05:27.624Z,59.66,4277455.494176529,46.16,2887818.5538140046,9.96,3402305.097518068,5414444.811737476
,_result,0,2026-09-03T04:05:27.652Z,13.01,8412714.131356757,26.6,756673.390748076,34.56,3657450.1982288365,8146595.474298415
,_result,0,2026-09-03T04:05:27.685Z,0.47,4162932.6165868253,86.15,5527562.745505788,94.15,4420372.672496265,6994300.792099383
,_result,0,2026-09-03T04:05:27.71Z,1.62,5277089.341383836,89.82,2000883.6730280356,68.05,6274449.927706025,6811048.360745808
,_result,0,2026-09-03T04:05:27.737Z,98.53,6448670.394933225,65.9,7730400.776208257,77,2562789.74844087,1841627.0791830237
,_result,0,2026-09-03T04:05:27.77Z,97.32,4071134.2062121746,58.21,8063943.725177397,48.74,6803824.520806012,2262734.4437011266
,_result,0,2026-09-03T04:05:27.799Z,91.51,8298889.534827445,87.27,3386888.583280312,53.35,794622.464979159,6157479.834181147
,_result,0,2026-09-03T04:05:27.824Z,52.85,3951029.40625067,24.24,3532773.476251725,4.74,4783485.806895441,913712.6939742968
,_result,0,2026-09-03T04:05:27.86Z,38.13,6631179.896298913,53.08,1112105.676838495,28.09,6779223.350533404,1982468.967945088
,_result,0,2026-09-03T04:05:27.887Z,66.98,5751323.985615833,0.68,4334852.558464838,81.43,1060641.2877888838,2085465.6301853647
,_result,0,2026-09-03T04:05:27.912Z,48.63,5773391.204210116,29.35,903352.0502116577,40.68,1200619.138888468,5240769.990382836
,_result,0,2026-09-03T04:05:27.938Z,56.33,5194204.28703748,54.76,1302962.7140095967,96.13,7217484.94573411,9394416.907400222
,_result,0,2026-09-03T04:05:27.963Z,80.73,9449489.062574835,30.53,6738484.893602953,44.99,6926586.0692010075,6953753.0703452965
,_result,0,2026-09-03T04:05:27.996Z,64.44,4557336.910218019,77.13,3438944.1526938034,68.29,5404160.302517148,7097618.459364233
,_result,0,2026-09-03T04:05:28.014Z,49.19,1809861.393205634,11.32,7309732.3123234855,25.59,9963922.033521619,4058850.8075235044
,_result,0,2026-09-03T04:05:28.025Z,86.66,3763120.2744849813,91.4,4273393.768542383,67.9,5457557.518426791,4879756.480349967
,_result,0,2026-09-03T04:05:28.04Z,36.41,6886582.695703371,71.04,3459592.400648207,44.53,3453280.8986501517,1226078.6559675618
,_result,0,2026-09-03T04:05:28.051Z,78.67,4646960.318458452,93.55,1756674.4518690014,18.42,5492674.03309623,499833.0801669781
,_result,0,2026-09-03T04:05:28.063Z,4.07,137109.1465031171,47.45,632454.8632633631,99.61,7251583.407772342,817573.7586998222
,_result,0,2026-09-03T04:05:28.082Z,40.54,9387409.924911883,5.64,3418032.796574292,70.45,4898464.168692004,454314.9107351763
,_result,0,2026-09-03T04:05:28.093Z,9.87,4039631.153534614,78.39,5086903.2558373995,82.75,6107722.215628887,7958462.003878333
,_result,0,2026-09-03T04:05:28.111Z,38.98,9169893.8546043,19.97,1778266.9797255858,53.61,1148949.749013276,7775791.7873620475
,_result,0,2026-09-03T04:05:28.128Z,58.08,5657442.980457036,91.53,8069789.653783961,61.54,8643054.094428511,8423082.304360544
,_result,0,2026-09-03T04:05:28.141Z,27.87,790089.7621715353,32.57,7367102.621655449,63.75,2065810.5654037194,4645930.947362169
,_result,0,2026-09-03T04:05:28.154Z,69.75,3619756.193709066,35.93,5430596.161516417,72.91,7636861.747726129,2061619.198939406
,_result,0,2026-09-03T04:05:28.167Z,2.41,380351.1822709871,60.58,5718347.863399646,91.11,4563921.810808826,3153177.740637011
,_result,0,2026-09-03T04:05:28.182Z,57.15,1107980.4269189464,59.48,2518084.6620546393,33.78,1731990.4469333747,5902253.139360835
,_result,0,2026-09-03T04:05:28.197Z,1.73,9885920.431354225,27.23,3001212.78621163,11.02,5380751.374892168,4746838.87316798
,_result,0,2026-09-03T04:05:28.223Z,15.73,4842347.031181062,18.3,2960220.6891484237,28.63,3407093.7608172004,3296133.642700352
,_result,0,2026-09-03T04:05:28.244Z,61.61,3079343.2122745123,41.53,1840080.59162446,83.26,3119775.2621038444,3323634.7642762186
,_result,0,2026-09-03T04:05:28.27Z,12.82,9482850.659320343,81.43,8820084.395585772,90.02,1774123.9752922177,8290111.326828249
,_result,0,2026-09-03T04:05:28.297Z,63.53,1132500.7734265125,4.71,7700199.185231197,80.7,1067906.8801182855,9907590.21925795
,_result,0,2026-09-03T04:05:28.329Z,16.1,8088706.070591162,42.67,8472203.125429198,88.36,869604.207800555,4044422.408505972
,_result,0,2026-09-03T04:05:28.353Z,61.24,4757382.492247325,20.29,3309113.2082920237,57.79,5481276.329385004,7702814.466613681
,_result,0,2026-09-03T04:05:28.388Z,35.95,3116307.3376222905,32.43,7538371.1523825545,15.09,6541557.124391058,9212932.689248558
,_result,0,2026-09-03T04:05:28.411Z,74.23,3884958.0865167086,4.44,9824141.202071957,22.27,3866212.815379222,7067728.406431321
,_result,0,2026-09-03T04:05:28.448Z,8.01,847769.3909927896,40.82,4265979.392126931,19.29,5559210.079016993,6176136.777461784
,_result,0,2026-09-03T04:05:28.475Z,62.81,8514649.798273964,26.17,2656738.8008722225,25.66,4032521.0988956573,3687420.311997749
,_result,0,2026-09-03T04:05:28.518Z,77.5,2497987.536654048,1.7,9054385.669580633,86.07,9973035.491422152,7294267.604035467
,_result,0,2026-09-03T04:05:28.542Z,54.38,9077489.217095178,96.08,9068146.47620003,2.37,5014477.716507977,1608851.82046691
,_result,0,2026-09-03T04:05:28.598Z,65.01,8494805.69335987,54.76,1787650.1085192587,41.57,2268880.367644418,4390096.1583073
,_result,0,2026-09-03T04:05:28.628Z,33.06,5329664.14475947,46.49,4485385.331735305,12.25,4231038.380465907,311564.966904968
,_result,0,2026-09-03T04:05:28.656Z,29.12,7996409.17287631,42.88,3785210.4726657574,18.99,4423739.658372017,6456668.62124031
,_result,0,2026-09-03T04:05:28.697Z,29.93,8843699.487855885,34.78,7932466.751389166,14.21,621328.1858988196,5246698.001123144
,_result,0,2026-09-03T04:05:28.72Z,89.95,6038499.694115765,20.37,1914549.0444300573,14.17,3097916.662197384,2764307.6871942184
,_result,0,2026-09-03T04:05:28.731Z,30.65,1212678.6220605413,95.75,1172431.9415244455,88.08,4602080.981814903,9604685.887458375
,_result,0,2026-09-03T04:05:28.753Z,5.43,4237444.633656731,18.3,8857430.553985825,7.45,4028755.6635098234,1719863.9368501
,_result,0,2026-09-03T04:05:28.764Z,59.93,3027315.306859246,67.96,4873667.74295942,84.02,2279283.5304172453,456055.99218171864
,_result,0,2026-09-03T04:05:28.785Z,23.34,3464517.74111614,72.9,7945062.311916688,18.02,5468739.282717338,835151.3971596081
,_result,0,2026-09-03T04:05:28.794Z,24.11,1467322.6617474821,99.1,434536.1598257258,22.06,3439063.1955699157,4020221.120440023
,_result,0,2026-09-03T04:05:28.818Z,10.06,8569683.354156617,25.17,6424196.979035573,77.69,1282795.2988910042,7138005.294251408
,_result,0,2026-09-03T04:05:28.828Z,76.47,2417600.97067497,96.3,159217.29669068797,0.63,8852490.782700501,843885.8087589951
,_result,0,2026-09-03T04:05:28.85Z,36.95,3784057.568694182,33.31,8204220.740238277,4.74,4667809.5587389385,8528775.857502803
,_result,0,2026-09-03T04:05:28.861Z,20.39,3325679.5569464015,23.7,4529047.744145787,2.2,1175172.27264758,8358315.709492543
,_result,0,2026-09-03T04:05:28.882Z,5.04,5685844.885545117,8.48,700996.7744124301,54.96,9770188.52501457,6106497.709823936
,_result,0,2026-09-03T04:05:28.891Z,39.45,6799278.9301896235,33.37,6229867.6473694425,54.11,8952373.59270541,3133224.5651093028
,_result,0,2026-09-03T04:05:28.912Z,82.66,1068623.4763012559,11.87,8511824.157510322,88.88,9101098.151597993,5365751.719483651
,_result,0,2026-09-03T04:05:28.923Z,57.74,2800708.379320409,39.34,4871571.29090223,53.96,4389623.3952677855,9172876.863595987
,_result,0,2026-09-03T04:05:28.944Z,96.94,999430.8110291928,83.02,4694698.47445431,71.98,5284929.107888204,2301337.313000874
,_result,0,2026-09-03T04:05:28.978Z,15.07,1126483.6599623596,16.47,8126981.051171167,60.53,2905241.7702540956,4106471.400209114
,_result,0,2026-09-03T04:05:28.997Z,29.04,5077294.737259629,57.37,4492275.335291333,71.27,3598802.1026049843,5975056.698726991
,_result,0,2026-09-03T04:05:29.024Z,65.92,4596432.056441726,12.81,3963008.110138264,10.56,6708394.641485392,2461587.5816718834
,_result,0,2026-09-03T04:05:29.049Z,38.96,6703835.130351446,6.83,4078249.837168274,84.58,5590126.7669118885,2709137.8663130384
,_result,0,2026-09-03T04:05:29.078Z,97.58,4071993.4108229983,32.38,3811972.4498026175,62.88,6968037.58498072,5972351.995240913
,_result,0,2026-09-03T04:05:29.105Z,34.84,9923115.12647791,60.98,9636607.675224403,54.37,2059808.9120925632,8224749.214853854
,_result,0,2026-09-03T04:05:29.195Z,13.76,4688862.819311073,27.06,1751019.6163787462,0.46,1718350.3811582946,1998115.130419893
,_result,0,2026-09-03T04:05:29.22Z,21.78,8438286.234421885,78.14,3371676.9748599106,49.31,7041871.003281802,9264539.842659825
,_result,0,2026-09-03T04:05:29.231Z,9.61,7946761.24857523,84.47,703475.7527948909,64.09,1477204.6740002532,4142771.289072282
,_result,0,2026-09-03T04:05:29.252Z,82.09,9504379.67839232,96.27,3555344.471004528,3.65,6666415.084500554,5581004.74461794
,_result,0,2026-09-03T04:05:29.266Z,22.52,4925030.601576306,81.56,5255122.343843408,82.39,5330427.473617262,4633460.134289974
,_result,0,2026-09-03T04:05:29.286Z,44.4,5762558.231575261,20.48,5852035.488690083,96.71,6753127.059328178,5209753.517274839
,_result,0,2026-09-03T04:05:29.321Z,11.79,9954270.477009272,64.52,4362211.775840391,41.12,8743623.034553802,2283172.574129677
,_result,0,2026-09-03T04:05:29.354Z,94.75,3287507.102368036,79.37,1742299.3761699311,98.15,5250578.697168895,9180404.326556513
,_result,0,2026-09-03T04:05:29.393Z,11.99,3172842.5143764727,55.66,5666302.336413867,79.19,4995579.280869751,5066604.49757211
,_result,0,2026-09-03T04:05:29.417Z,43.36,9628216.777407257,7.25,8627244.425714925,11.34,6694010.394671979,430101.7613086722
,_result,0,2026-09-03T04:05:29.43Z,35.62,1133019.3820973143,67.29,8467346.569790421,61.16,6585628.080175598,7226279.744831197
,_result,0,2026-09-03T04:05:29.465Z,73.66,2834089.054380771,90.04,1582122.840011707,73.33,2663852.860045938,256482.5354342659
,_result,0,2026-09-03T04:05:29.49Z,66,6515331.497263336,30.69,5787442.415737183,44.85,5029058.990847547,2906623.0860862895
,_result,0,2026-09-03T04:05:29.533Z,29.77,3898647.0277795806,53.34,881270.151897956,1.3,2749168.707533496,2247748.364657186
,_result,0,2026-09-03T04:05:29.551Z,44.95,399448.7561512927,84.97,9686369.14320273,74.88,6572900.957615509,5828056.329799783
,_result,0,2026-09-03T04:05:29.565Z,43.35,3160619.4382716734,10.87,8474898.31522301,1.33,823844.8026224831,7543123.637351721
,_result,0,2026-09-03T04:05:29.583Z,53.48,857022.3991723335,30.5,731909.5808622788,40.89,8194922.153276675,7075844.798753481
,_result,0,2026-09-03T04:05:29.593Z,25.01,4698351.614460398,8.5,7605965.026150356,7.58,5573640.792321124,9403223.89118585
,_result,0,2026-09-03T04:05:29.609Z,71.01,538064.713450106,88.51,4302494.857700114,60.73,8298128.229383917,1105414.1156136587
,_result,0,2026-09-03T04:05:29.625Z,23.56,7005219.256774063,20.25,4728017.771949403,95.24,5049789.574409321,3291231.4402412977
,_result,0,2026-09-03T04:05:29.638Z,98.42,5187382.427845818,12.76,6751396.406740792,75.18,7364428.428602533,9534669.779685479
,_result,0,2026-09-03T04:05:29.67Z,0.49,6675924.823993044,86.91,4397863.726757267,49.1,9906814.233337391,2827596.5023544147
,_result,0,2026-09-03T04:05:29.703Z,63.43,2227434.8110830756,86.04,9119032.633449456,22.57,6996672.11500319,7661088.635727793
,_result,0,2026-09-03T04:05:29.719Z,46.43,6079537.266463639,66.24,8356626.730478745,24.27,8716253.926149858,1934349.8430723816
,_result,0,2026-09-03T04:05:29.729Z,41.25,1913511.3788840352,19.93,9253027.737807786,22.22,5404394.053466527,3743880.2329855147
,_result,0,2026-09-03T04:05:29.748Z,46.08,107695.03819995085,75.15,691274.6973627959,3.92,4222895.130175912,6625696.746720638
,_result,0,2026-09-03T04:05:29.759Z,93.63,8356183.288269406,83.91,3497381.2573808427,75.58,3687159.3664254365,1306478.4045781074
,_result,0,2026-09-03T04:05:29.775Z,79.2,3697629.758443356,28.53,5767165.156298022,82.43,3087312.1267348826,6076333.62149339
,_result,0,2026-09-03T04:05:29.788Z,46.18,5135708.1796707995,60.85,4255752.324330062,85.24,9105940.105280194,8452993.434491599
,_result,0,2026-09-03T04:05:29.808Z,82.57,9820034.10460051,30.45,9796819.563719288,29.38,7855947.222978209,299758.14201637416
,_result,0,2026-09-03T04:05:29.818Z,88.78,1855299.518241419,85.3,4815185.661928112,51.47,1969993.0800418186,8767355.17394709
,_result,0,2026-09-03T04:05:29.833Z,74.02,2656505.331828657,59.4,3613175.485274587,72.28,5737775.50940998,5434777.685651754
,_result,0,2026-09-03T04:05:29.846Z,31.77,7033379.012594859,89.09,6000464.681118266,56.51,3763815.496630166,3090684.4512397703
,_result,0,2026-09-03T04:05:29.863Z,22.96,1468973.2658656917,45.69,6455912.409072012,23.07,7987695.193042598,5480631.027285468
,_result,0,2026-09-03T04:05:29.873Z,44.36,6401818.396547709,7.98,9118514.18161252,11.25,3908078.7211543,5590006.535666424
,_result,0,2026-09-03T04:05:29.888Z,73.28,4015755.228710718,72.77,3493227.716914241,7.74,9204314.675516535,2297641.1243592678
,_result,0,2026-09-03T04:05:29.901Z,38.05,7144796.389720033,26.91,642882.4320490189,39.38,1178087.7010402512,2060718.9803706228
,_result,0,2026-09-03T04:05:29.92Z,39.52,8050401.615093885,10.53,9965296.454014992,87.82,190726.85574400894,7189623.194968264
,_result,0,2026-09-03T04:05:29.934Z,74.76,9368210.62142579,67.07,3443838.1209422317,80.68,3712782.805592499,1530796.3385255774
,_result,0,2026-09-03T04:05:29.952Z,21.91,5392484.766149971,8.1,1704676.3324067448,74.68,143555.3543325141,7054551.329878308
,_result,0,2026-09-03T04:05:29.969Z,99.79,8346590.485120072,11.35,3135197.053711535,98.17,607516.8654222385,4375081.639052898
,_result,0,2026-09-03T04:05:29.988Z,16.85,1766434.698324596,60.88,5522790.664174498,11.27,7983131.207586107,5305694.645114348
,_result,0,2026-09-03T04:05:30.01Z,87.72,9327570.001303354,79.1,1833988.6413086604,44.69,4417856.218788422,7491248.400825428
,_result,0,2026-09-03T04:05:30.041Z,0.05,2054968.384698408,27.53,1969669.57366144,44.3,2189633.316790465,5719593.619989724
,_result,0,2026-09-03T04:05:30.057Z,82.43,6228957.081661352,34.12,9772261.46527648,25.75,4313751.310649186,7650729.6337396735
,_result,0,2026-09-03T04:05:30.067Z,87.8,3624173.608243416,51.37,1999911.259617393,5.9,9569342.887389768,3762920.0467827707
,_result,0,2026-09-03T04:05:30.094Z,3.91,4096715.990055688,60.4,5599438.701985775,98.9,6105374.02645664,7511344.458269847
,_result,0,2026-09-03T04:05:30.119Z,16.79,4332056.983041377,39.47,1500654.2610002349,8.07,8240429.152622764,1800524.39288909
,_result,0,2026-09-03T04:05:30.155Z,76.43,8753370.150261616,76.99,401206.3895303897,25.67,7106678.012422168,5399027.6686934205
,_result,0,2026-09-03T04:05:30.178Z,52.92,2161032.4094599765,85.47,435438.474846469,10.11,9285143.520018676,3266314.5338266096
,_result,0,2026-09-03T04:05:30.207Z,64.05,5945610.000752247,73.49,2324606.3476406485,87.01,9698200.262819966,4259241.651007214
,_result,0,2026-09-03T04:05:30.239Z,44.53,6316998.417998269,66.48,1166502.0543462124,17.02,8176798.892978247,3601185.914531413
,_result,0,2026-09-03T04:05:30.277Z,47.34,2161275.9736275035,38.88,7020813.0504096,12.51,8781195.017501516,3651468.544978046
,_result,0,2026-09-03T04:05:30.308Z,56.22,1758078.089753331,82.84,1978238.6600153456,43.66,5107015.757691036,9854671.239695128
,_result,0,2026-09-03T04:05:30.341Z,28.08,7518546.4151789015,25.07,6131195.437050584,32.18,4663561.569800713,4605867.21012299
,_result,0,2026-09-03T04:05:30.377Z,4.5,1876416.0541853304,55.97,2959503.7093280675,20.68,5754240.958903973,2792006.488458196
,_result,0,2026-09-03T04:05:30.404Z,97.55,3518158.1154646035,91.83,8129859.601709049,27.96,2563887.4024939775,8739362.015170308
,_result,0,2026-09-03T04:05:30.442Z,0.22,1469170.0845173283,69.89,5581240.863677458,12.14,8164501.881212716,9601700.724307084
,_result,0,2026-09-03T04:05:30.463Z,3.08,2031503.0602244732,12.15,2465997.7131630285,90.82,3773823.3099255534,9537985.411348488
,_result,0,2026-09-03T04:05:30.47Z,60.24,6224179.2596518565,4.99,9879924.976466283,7.02,5113840.74419558,7707375.238616167
,_result,0,2026-09-03T04:05:30.493Z,31.63,4291898.45813956,3.44,6986161.375632712,34.49,6881049.675904847,8500171.190364873
,_result,0,2026-09-03T04:05:30.534Z,82.25,1479765.5649957997,68.48,1466776.7388654607,13.43,5343757.150024563,6367493.248133597
,_result,0,2026-09-03T04:05:30.564Z,20.95,9077134.2987735,0.41,398896.5903749719,23.41,1301296.4867957179,8270502.223042263
,_result,0,2026-09-03T04:05:30.59Z,54.57,5049252.322260773,77.04,1226619.7496343555,4.67,2827099.1803217903,1915373.7740552835
,_result,0,2026-09-03T04:05:30.62Z,68.18,1623777.176805239,9.23,1990078.0608318048,89.58,3388586.2932079015,7852199.818325976
,_result,0,2026-09-03T04:05:30.648Z,14.71,1487694.6434740068,38.94,8219391.766071608,3.48,852428.2691158003,5179298.072161339
,_result,0,2026-09-03T04:05:30.676Z,38.15,8402321.548803905,33.01,8410048.374180136,85.9,1571117.7852548885,593491.9681866025
,_result,0,2026-09-03T04:05:30.704Z,53.03,7802248.938426148,53.37,7883006.944156457,42.94,9128960.946026357,9857296.782146173
,_result,0,2026-09-03T04:05:30.73Z,73.89,8322266.81023841,12.02,1224131.5256771867,49.68,9069893.768796248,5099522.913618042
,_result,0,2026-09-03T04:05:30.761Z,70.99,988688.0538564358,94.51,9646154.891266054,89.44,2536418.891815594,5476541.903898534
,_result,0,2026-09-03T04:05:30.786Z,23.35,2607126.0204922776,8.85,2958774.9942442845,19.4,8593500.771823982,8179182.213452113
,_result,0,2026-09-03T04:05:30.818Z,40.38,3296120.2578681814,90.71,4312381.104880435,71.09,2332306.1758938767,1292983.2148983877
,_result,0,2026-09-03T04:05:30.847Z,57.57,4698218.802267917,91.89,6787118.318010002,85.28,9662776.660759766,8156139.120337327
,_result,0,2026-09-03T04:05:30.874Z,65.11,7283743.435119006,79.85,902663.5230128833,83.57,8543172.160704125,1316687.2185189417
,_result,0,2026-09-03T04:05:30.907Z,13.93,3042201.3620661115,14.9,5894041.042410629,68.57,5807514.601112888,6904209.449973168
,_result,0,2026-09-03T04:05:30.937Z,39.06,374922.92988710373,95.63,2023421.8321594489,58.74,6417301.749349132,4276209.086012727
,_result,0,2026-09-03T04:05:30.96Z,69.76,8048171.638275069,45.24,803114.1965292154,7.65,8803109.075194148,961384.6445074737
,_result,0,2026-09-03T04:05:30.99Z,9.33,3771844.990276567,58.18,4401514.59053883,46.41,7737958.816530333,2459952.4357160884
,_result,0,2026-09-03T04:05:31.015Z,99.14,4048462.3936635554,68.23,6940271.153290653,31.99,7443623.841351818,1695783.0465093316
,_result,0,2026-09-03T04:05:31.031Z,83.96,7104558.841284916,37.34,9386047.737130241,31.77,2737619.755071422,8616851.279533211
,_result,0,2026-09-03T04:05:31.065Z,68.85,7962559.5502092065,53.43,9738157.522474721,1.06,7384809.5884708855,4624277.837625667
,_result,0,2026-09-03T04:05:31.08Z,56.33,7923159.959271026,17.24,9717190.114311535,84.87,6167428.313340503,6599444.673082075
,_result,0,2026-09-03T04:05:31.093Z,54.99,6394051.845266031,50.06,9112237.51382801,81.85,5720486.762722649,114479.7486111615
,_result,0,2026-09-03T04:05:31.113Z,61.81,2396682.728038827,32.86,6499355.386142556,41.19,7073630.392738256,2293711.296887734
,_result,0,2026-09-03T04:05:31.13Z,78.51,2253464.720900039,1.72,886729.5015090826,45.88,6246085.04686264,4724272.511340155
,_result,0,2026-09-03T04:05:31.146Z,18.5,6013127.735589101,44.99,4928795.612128488,39.63,5962396.867284983,557286.8073098159
,_result,0,2026-09-03T04:05:31.157Z,17.13,4660768.790919114,96.59,8114160.38438417,35.31,3263363.22648922,6020250.139036268
,_result,0,2026-09-03T04:05:31.174Z,99.55,1229168.6621884757,63.54,1356480.0731939387,53.19,4658456.975448939,405127.52464912925
,_result,0,2026-09-03T04:05:31.188Z,83.23,4204841.391279173,86.01,6940916.534545173,3.58,334640.844654811,2781780.711156854
,_result,0,2026-09-03T04:05:31.206Z,60.81,3950691.90148306,47.73,7849877.89268323,62.02,406675.85267962323,4115948.259788661
,_result,0,2026-09-03T04:05:31.22Z,99.68,384300.3930734612,76.58,5668665.156660177,11.65,7610642.426144546,7819133.834396306
,_result,0,2026-09-03T04:05:31.238Z,33.12,110640.88956123764,17.11,34263.91347977953,19.59,5205625.7278126795,5012132.394871002
,_result,0,2026-09-03T04:05:31.248Z,30.51,3643723.229083021,56.44,5307225.556478462,76.21,4211147.218748329,4794539.072342337
,_result,0,2026-09-03T04:05:31.266Z,29.99,3967932.6703956854,70.97,9919171.57014747,78.76,2083518.895010942,6008780.45717675
,_result,0,2026-09-03T04:05:31.276Z,91.73,8787472.78048747,62.23,8385202.737125647,54.25,801703.942805062,3222964.974584077
,_result,0,2026-09-03T04:05:31.292Z,37.04,4353346.555252402,22.99,5514286.719629601,86.44,9252210.255135413,2768749.490513639
,_result,0,2026-09-03T04:05:31.304Z,37.11,7019995.045006045,45.38,6993882.7097691195,26.56,1436940.5837850613,1800623.821893892
,_result,0,2026-09-03T04:05:31.322Z,30.61,4071051.7521011904,68.64,4201800.684594426,86.34,4063283.177951328,2044521.4365373875
,_result,0,2026-09-03T04:05:31.331Z,5.28,6571912.015271847,35.63,8256091.473191173,96.8,5884301.496635913,9325892.222394938
,_result,0,2026-09-03T04:05:31.347Z,92.59,511970.1044576874,11.44,3570400.521161665,55.21,960968.0592837256,2289153.4982744586
,_result,0,2026-09-03T04:05:31.358Z,85.01,836943.184559793,61.42,892707.1159168642,42.52,3725339.765988426,3152694.8182627624
,_result,0,2026-09-03T04:05:31.372Z,69.54,8650318.844165009,3.87,685963.061742475,21.24,1288284.108958544,4926803.843382206
,_result,0,2026-09-03T04:05:31.383Z,26.17,1656562.9142664806,24.97,7321500.909274172,49.13,1555076.0385032003,8074674.406059933
,_result,0,2026-09-03T04:05:31.399Z,95.3,9373169.479210358,93.7,9125912.33426756,35.96,4287724.679897559,2287026.391159366
,_result,0,2026-09-03T04:05:31.409Z,65.27,5477459.932897977,16.51,820968.7192806148,26.86,4468937.141110475,3061237.560648694
,_result,0,2026-09-03T04:05:31.425Z,51.95,5956685.814545449,33.02,3373097.358778944,84.8,6594540.067483809,4470689.8796705855
,_result,0,2026-09-03T04:05:31.436Z,55.54,1308101.3269198327,23.75,9955430.50218564,59.01,8292223.661169195,7800123.1468521785
,_result,0,2026-09-03T04:05:31.451Z,67.9,6801039.074090763,6.96,8881680.379699586,22.22,7666447.388148877,6134235.707703985
,_result,0,2026-09-03T04:05:31.462Z,89.88,9431739.52032742,8.71,5135251.044805607,76.12,5295724.916885018,9799010.448882153
,_result,0,2026-09-03T04:05:31.477Z,17.91,9309106.756944083,18.74,1215304.140342559,67.94,2070084.9966410606,6009133.777009949
,_result,0,2026-09-03T04:05:31.487Z,61.84,2323659.677107089,40.51,573494.141951415,22.58,5280861.68809951,3178011.608980027
,_result,0,2026-09-03T04:05:31.503Z,60.48,3147327.7468226533,31.2,8782375.122929983,48.97,4208211.133965472,9349724.069161262
,_result,0,2026-09-03T04:05:31.512Z,2.59,2840194.78790805,17.93,2768809.103936797,50.26,5968955.222228692,174225.19196375052
,_result,0,2026-09-03T04:05:31.523Z,57.6,2359024.3363666683,75.44,5482124.702256504,39.79,7454230.930737977,3889231.415395643
,_result,0,2026-09-03T04:05:31.536Z,3.25,9944897.460539347,18.15,7560641.482844492,78.62,6554040.339048369,8396355.813668909
,_result,0,2026-09-03T04:05:31.555Z,71.46,7575903.537180072,48.02,2321711.5391650833,50.24,39521.24869330942,1227361.1472242475
,_result,0,2026-09-03T04:05:31.569Z,0.63,7663471.408995215,2.09,7527701.355986922,55.78,5222244.421576299,8396527.401308699
,_result,0,2026-09-03T04:05:31.591Z,29.57,9927151.879028667,55.38,4824315.266938287,58.71,4462504.0163298445,9955657.785289705
,_result,0,2026-09-03T04:05:31.6Z,90.43,8752796.649674954,28.24,1979702.126612044,89.37,5462158.734031859,9086211.374532092
,_result,0,2026-09-03T04:05:31.623Z,29.55,3176882.833896876,60.56,5959174.660476902,61.62,296187.97380372207,1869045.1478826297
,_result,0,2026-09-03T04:05:31.657Z,1.99,4126580.405936899,10.45,8005238.925644602,74.08,6031405.103677034,6368656.586479935
,_result,0,2026-09-03T04:05:31.677Z,67.73,1534381.943978219,29.06,9594744.596907638,1.53,3496113.328222227,8522616.295919096
,_result,0,2026-09-03T04:05:31.71Z,32.95,5974805.029728354,34.76,3196818.98032409,21.85,7388442.391117731,1157912.1128411395
,_result,0,2026-09-03T04:05:31.734Z,36.82,3001198.9271745253,96.1,4675230.690205529,66.46,2765095.4184155376,6009337.882566058
,_result,0,2026-09-03T04:05:31.77Z,31.36,6771304.3487458825,86.05,5360766.982295212,34.25,8156845.837807421,8698986.503897008
,_result,0,2026-09-03T04:05:31.796Z,40.41,6644931.601601158,0.47,8107554.406439962,76.71,3616090.049551722,4979620.972616512
,_result,0,2026-09-03T04:05:31.83Z,16.51,4582674.171012132,93.29,5300192.061663402,39.05,1361265.794724249,6522019.34869415
,_result,0,2026-09-03T04:05:31.854Z,29.79,2569046.936943358,60.74,8914635.098993866,44.06,7448451.597444839,7263312.725390268
,_result,0,2026-09-03T04:05:31.882Z,99.61,1009626.266477911,17.25,6985274.182768461,79.11,7697786.70662581,5351218.133367042
,_result,0,2026-09-03T04:05:31.907Z,34.67,5020139.001829,53.61,3011.9257853000736,32.21,7510660.80565978,9874525.69045249
,_result,0,2026-09-03T04:05:31.936Z,66.16,2405110.206935582,62.44,2756115.770506459,78.25,8067378.766998663,1799006.2892004345
,_result,0,2026-09-03T04:05:31.961Z,78.99,4170980.0958092804,49.75,1558327.4194092078,80.79,4660707.936507994,5272381.691325981
,_result,0,2026-09-03T04:05:31.994Z,17.21,4308112.399886992,24.3,345785.49053913663,38.71,1891666.1426386228,6873785.320762582
,_result,0,2026-09-03T04:05:32.019Z,55.12,2906915.9879747764,69.62,5376163.5629590675,52.92,889779.4582473007,6740314.05079017
,_result,0,2026-09-03T04:05:32.052Z,16.12,5678245.97093036,47.93,1051285.3787829003,12.53,4439285.176508421,9669374.728919338
,_result,0,2026-09-03T04:05:32.078Z,83.46,3023954.2661257447,92.8,2677354.6444396432,71.39,2598606.914777306,7676578.4965224685
,_result,0,2026-09-03T04:05:32.11Z,51.1,8311767.58130209,79.09,4994719.910225611,55.88,1119089.073003744,7285537.837873936
,_result,0,2026-09-03T04:05:32.136Z,53.49,9955164.589740891,33.91,9754820.812820883,17.5,5555603.528393039,7801714.1762717515
,_result,0,2026-09-03T04:05:32.167Z,27.17,1963312.7509248839,8.08,259914.27779032296,28.9,6272975.973916,7431441.696041508
,_result,0,2026-09-03T04:05:32.2Z,42.94,5046363.517872442,60.02,3701763.6601207783,25.04,3685987.8859116915,8343104.28540582
,_result,0,2026-09-03T04:05:32.22Z,45.97,6152510.3706510095,69.71,5877408.180748712,96.76,2634065.142221262,18696.254688221892
,_result,0,2026-09-03T04:05:32.252Z,41.25,7515259.951859751,79.72,3421009.19348714,90.34,9602423.405448426,6497520.788930344
,_result,0,2026-09-03T04:05:32.27Z,10.34,1689888.2026916796,59.94,9424378.020423172,77.2,3859823.9799489575,8706844.609655118
,_result,0,2026-09-03T04:05:32.28Z,35.36,2302628.398340226,12.86,5432861.403355473,35.91,4052100.3887554863,4691894.647472469
,_result,0,2026-09-03T04:05:32.3Z,87.69,2754812.2840436827,26.66,9026344.089964831,87.44,6991947.494748013,5472958.584131794
,_result,0,2026-09-03T04:05:32.33Z,77.67,9579158.704099957,56.61,8700181.374231739,60.07,5263710.227367765,7303315.698577773
,_result,0,2026-09-03T04:05:32.346Z,9.86,6288420.136317951,56.41,5460275.899597967,58.2,722870.3262769154,6439239.267560531
,_result,0,2026-09-03T04:05:32.359Z,95.57,15261.545185619729,36.91,3458893.1648966903,57.25,9601203.747621851,2180010.5387504767
,_result,0,2026-09-03T04:05:32.373Z,68.67,8431421.44047685,17.43,5782520.260879619,45.67,3575971.688304336,2232590.426570337
,_result,0,2026-09-03T04:05:32.389Z,82.06,7330615.406891871,73.67,1430316.8385239763,94.82,297407.12035653205,9140629.44181334
,_result,0,2026-09-03T04:05:32.402Z,62.94,8154891.960519984,74.65,7318101.148490491,44.21,576661.0838136632,7419418.092956851
,_result,0,2026-09-03T04:05:32.417Z,74.35,7886365.447711155,65.68,4068496.2571279528,83.25,9782440.419963479,5452935.757361109
,_result,0,2026-09-03T04:05:32.429Z,75.27,1170811.8514797117,26.86,7894105.422974603,51.42,8460073.12296265,9129649.672148934
,_result,0,2026-09-03T04:05:32.441Z,26.63,7302214.418369931,12.55,706492.5425964253,32.66,9891867.612215951,7346128.2514410885
,_result,0,2026-09-03T04:05:32.451Z,3.81,6850686.811153823,75.58,9581036.853358489,40.03,9457879.332266718,9329711.79083642
,_result,0,2026-09-03T04:05:32.47Z,85.11,7972886.111750165,60.72,9842464.543659769,25.95,5720441.999818431,3454931.9840924297
,_result,0,2026-09-03T04:05:32.479Z,19.29,9012374.87029493,52.55,9562471.171652995,51.36,8200350.1027032975,3830347.4297553166
,_result,0,2026-09-03T04:05:32.497Z,46.98,7473896.327423279,60.1,3969445.7405207707,46.58,4589516.008300627,3480292.628810049
,_result,0,2026-09-03T04:05:32.508Z,0.02,2774039.874746471,47.07,7444956.448147087,60.94,5215305.795712061,7194480.272506861
,_result,0,2026-09-03T04:05:32.53Z,52.11,8938144.31666923,26.88,4313179.821852373,19.23,7776082.0564508485,1769427.9242078103
,_result,0,2026-09-03T04:05:32.56Z,46.38,5176419.357819003,53.95,7422626.250868205,73.11,6660571.873082067,1922110.511776448
,_result,0,2026-09-03T04:05:32.591Z,89.48,2116992.017930528,12.98,3961763.4155254276,48.88,3885913.0256481543,8288381.304332645
,_result,0,2026-09-03T04:05:32.625Z,1.31,6216409.127918188,23.01,5206370.407808702,14.32,7211276.778525767,2540223.1636570226
,_result,0,2026-09-03T04:05:32.649Z,50.49,8240110.438162527,1.5,6602393.945913817,14.34,847426.25827951,348535.0135130749
,_result,0,2026-09-03T04:05:32.676Z,65.13,6208605.608971267,92.74,851545.2660395561,53.09,6128000.002222606,5002982.781602454
,_result,0,2026-09-03T04:05:32.704Z,11.65,7171264.918957906,20.76,3751686.2650279216,1.32,5620023.029386584,6101483.751188865
,_result,0,2026-09-03T04:05:32.742Z,30.56,203072.02557665494,99.6,8604311.810655706,71.26,9766768.507849453,5458284.960003805
,_result,0,2026-09-03T04:05:32.763Z,16.04,2499341.506563162,36.94,9550971.206299452,43.1,4723315.029397311,5325474.943287607
,_result,0,2026-09-03T04:05:32.795Z,51.14,978359.4713557508,7.5,5154931.346019465,57.56,2804213.1131029404,7232902.222560575
,_result,0,2026-09-03T04:05:32.818Z,4.34,19366.836044343305,1.03,8493162.121991023,6.78,3638854.7089865897,9329058.200293725
,_result,0,2026-09-03T04:05:32.852Z,39.99,5623136.77330779,4.02,768871.8983510745,98.99,6088174.7645105,260194.6194472704
,_result,0,2026-09-03T04:05:32.875Z,56.83,2337624.3498807983,94.02,5149859.84409402,68.32,601034.8320710845,6283549.891939628
,_result,0,2026-09-03T04:05:32.905Z,68.27,5370903.187071235,57.28,4964422.503918998,57.53,2521481.956686038,450379.0523565987
,_result,0,2026-09-03T04:05:32.943Z,41.05,6105027.511398032,45.82,1937047.426390648,70.57,8079806.857406728,5148515.362630835
,_result,0,2026-09-03T04:05:32.979Z,74.52,9205636.85003463,31.95,8661800.658356998,65.01,5279942.572997331,8748554.363702629
,_result,0,2026-09-03T04:05:33.009Z,1.56,7539058.32757646,11.57,1830724.3590311473,99.99,2037677.3749264565,1817280.52690737
,_result,0,2026-09-03T04:05:33.036Z,4.86,1443953.770552977,84.45,2940537.715049264,87.53,1798211.1892787034,1989950.494833308
,_result,0,2026-09-03T04:05:33.067Z,14.57,1577022.810602824,62.49,1122052.3578596052,53.74,1078436.7454121092,5204630.822568223
,_result,0,2026-09-03T04:05:33.091Z,65.52,824816.05429779,5.95,4735363.846729139,8.71,1657182.0007226267,9431371.886318121
,_result,0,2026-09-03T04:05:33.124Z,31.49,8525600.344970273,79.98,7129130.3998359805,45.48,1531281.2852875157,8004853.68705125
,_result,0,2026-09-03T04:05:33.151Z,40.52,1638682.7398429904,33.19,969425.8861989003,69.69,876798.2035821709,6535203.107178627
,_result,0,2026-09-03T04:05:33.182Z,22.72,3292751.675785325,67.52,6602186.7623275295,78.23,9519617.080026906,3849086.226930827
,_result,0,2026-09-03T04:05:33.205Z,79.79,5105903.957255825,36.26,636512.409844453,30.92,8448567.503900414,3815642.4303804524
,_result,0,2026-09-03T04:05:33.235Z,51.05,4844291.218839549,85.44,474589.2400368101,2.03,2849628.278682581,1882861.3590116682
,_result,0,2026-09-03T04:05:33.256Z,46.82,4738022.763875859,36.64,6574736.284580204,55.32,5198682.649463633,9548605.65399793
,_result,0,2026-09-03T04:05:33.285Z,94.21,4958154.223327956,16.1,8170116.391829664,87,8037595.427852539,4304159.319538248
,_result,0,2026-09-03T04:05:33.305Z,86.27,7236795.921067991,19.11,5984755.497890656,77.43,3562165.2689949544,9291668.52058388
,_result,0,2026-09-03T04:05:33.312Z,60.95,6993985.400415329,4.81,8196650.4327044245,66.52,1043798.7548399197,9220422.644544663
,_result,0,2026-09-03T04:05:33.333Z,84.28,9633060.006178515,81.98,769784.1626358526,25.19,4324674.371308724,9481638.261994354
,_result,0,2026-09-03T04:05:33.365Z,48.74,5943045.847842321,76.21,366817.2439997785,73.86,4600710.7634511525,2787211.0757702338
,_result,0,2026-09-03T04:05:33.391Z,81.54,9586470.097819522,99.89,8843915.580922673,25.2,241240.40472060294,8232992.532386926
,_result,0,2026-09-03T04:05:33.424Z,79.71,6644608.52217546,7.92,7759994.041038117,87.36,8425221.530044982,3685428.1784748957
,_result,0,2026-09-03T04:05:33.45Z,44.92,5704743.073881907,68.57,6045367.20333347,39,6411008.228389933,8618053.02737337
,_result,0,2026-09-03T04:05:33.48Z,27.16,6861579.322277693,19.35,4316122.973251096,89.03,8833654.803681346,9945702.328964345
,_result,0,2026-09-03T04:05:33.516Z,65.86,8110754.907267122,70.25,5155791.0661038235,31.87,3600615.1762401885,9713054.400825392
,_result,0,2026-09-03T04:05:33.542Z,4.17,967757.4545706946,50.54,9005948.671990993,26.26,6342.612015513005,4436294.478515045
,_result,0,2026-09-03T04:05:33.576Z,68.51,1889736.1622290255,71.23,5770127.386922629,35.66,409051.8806209886,4585116.592740662
,_result,0,2026-09-03T04:05:33.606Z,62.07,4353346.232605799,56.84,3527990.7374117547,54.21,650768.6471487206,915830.044232584
,_result,0,2026-09-03T04:05:33.658Z,45.52,7181165.345901387,33.09,6737460.604739938,3.09,804415.6943906134,6925496.432161928
,_result,0,2026-09-03T04:05:33.698Z,39.52,7789481.808380364,38.85,8393737.365096644,35.15,9248148.085721007,3987993.2962039844
,_result,0,2026-09-03T04:05:33.743Z,86.17,8710536.263103545,26.55,3595558.5269910283,97.28,8095230.660343713,7562423.897681544
,_result,0,2026-09-03T04:05:33.777Z,78.92,4936313.399593354,80.61,8444634.46482543,96.69,9880867.491489131,3636092.368852446
,_result,0,2026-09-03T04:05:33.81Z,77.03,8855772.41353158,97.27,9178608.10265774,16.94,6046823.616434532,8927384.591804054
,_result,0,2026-09-03T04:05:33.835Z,68.41,2931861.4366782326,46.72,2046742.3369905902,28.02,9464732.57221742,4036669.4117645496
,_result,0,2026-09-03T04:05:33.866Z,48.22,138269.3770686616,82.94,6299999.506227457,2.3,7975274.770851879,1783077.04553041
,_result,0,2026-09-03T04:05:33.886Z,23.09,9894840.04692076,13.14,1159493.881721705,55.08,5241698.500367062,1308876.7140693236
,_result,0,2026-09-03T04:05:33.896Z,41.63,4413216.38185662,67.6,5419901.863901945,20.54,7471872.7056009555,5985215.722813113
,_result,0,2026-09-03T04:05:33.915Z,20.28,1163801.4369692483,91.74,6286054.242010392,87.7,1570380.5091151113,4375405.808623605
,_result,0,2026-09-03T04:05:33.925Z,70.45,6901895.8662541555,43.49,1952082.6407721448,6.21,2491466.37926682,9507878.929988183
,_result,0,2026-09-03T04:05:33.945Z,32.78,5562311.057075549,62.61,7860993.7171283765,19.26,7657468.656145382,8052032.5870957365
,_result,0,2026-09-03T04:05:33.956Z,76.93,6758058.327030808,94.78,6539298.014397344,30.88,2433738.4116411596,987301.9804438233
,_result,0,2026-09-03T04:05:33.97Z,81.21,4654904.396960888,37.57,8585043.202287694,61.81,3346299.034036002,669296.1942832588
,_result,0,2026-09-03T04:05:33.985Z,28.35,6035525.877108977,61.18,6642040.541684093,95.05,4427001.495317027,6520331.086795423
,_result,0,2026-09-03T04:05:34.01Z,36.07,2564917.2392506013,76.07,1332119.348182702,71.44,5725990.016813418,5311916.461093614
,_result,0,2026-09-03T04:05:34.042Z,48.31,3260823.5178657006,79.75,191030.50830516554,43.84,5748418.426417154,9343267.894091297
,_result,0,2026-09-03T04:05:34.063Z,25.04,3504953.300353815,36.16,6192798.757602787,88.69,6762805.455214108,5019374.852678981
,_result,0,2026-09-03T04:05:34.088Z,81.72,809067.7671298785,51.95,7366364.065117755,6.77,7155250.478427034,9995698.88137536
,_result,0,2026-09-03T04:05:34.106Z,80.82,4807965.18075786,91.37,4285149.72552128,41.29,7563870.547422298,4206794.07340728
,_result,0,2026-09-03T04:05:34.136Z,7.63,4294799.186530678,65.66,5967651.085215177,86.44,1478458.215724191,3872567.1764001455
,_result,0,2026-09-03T04:05:34.163Z,53.36,122169.97410675057,54.67,792332.9008369906,82.49,5381558.881415412,7832043.911800562
,_result,0,2026-09-03T04:05:34.196Z,12.94,8671427.623012437,16.59,2088894.2996473203,30.07,2995118.5201316145,5255389.135223778
,_result,0,2026-09-03T04:05:34.222Z,76.98,867890.4666395515,39.6,7657961.981345648,66.4,930613.9944910352,3698200.2277414007
,_result,0,2026-09-03T04:05:34.254Z,56.11,1997446.987203788,38.45,213952.0769431935,90.8,5751351.084207003,5916710.817775168
,_result,0,2026-09-03T04:05:34.275Z,0.09,4781841.259500099,84.49,1937214.639511684,75.37,7425102.996684028,6791612.426181125
,_result,0,2026-09-03T04:05:34.306Z,55.6,7559825.299707015,11.26,3824023.63415281,28.63,8814274.508683778,8977993.306952525
,_result,0,2026-09-03T04:05:34.324Z,82.95,1644880.2187077317,85.59,7244953.327346807,9.98,6182638.837215526,2327762.555039379
,_result,0,2026-09-03T04:05:34.337Z,21.53,5068807.583218337,94.49,3965021.1261841706,13.13,8925.394455612246,5199910.838235216
,_result,0,2026-09-03T04:05:34.35Z,30.39,7989951.661808442,13.38,526347.302832525,68.22,8575355.124767398,2200410.782806963
,_result,0,2026-09-03T04:05:34.362Z,62.31,3106124.26968913,84.17,7617243.855618368,20.56,5272506.987790055,7454422.729733704
,_result,0,2026-09-03T04:05:34.386Z,6.48,2075923.8327173402,96.61,3168312.680549954,70.42,9278334.138467817,2746469.8287649835
,_result,0,2026-09-03T04:05:34.417Z,98.22,7127828.481221053,94.69,4744163.26438233,34.43,5828101.922396207,4996610.199684307
,_result,0,2026-09-03T04:05:34.444Z,19.41,1230245.6235505487,93.67,4671263.625457929,86.39,7846015.659334967,8590588.938692003
,_result,0,2026-09-03T04:05:34.474Z,99.17,2576719.2406630977,80.84,1790684.6800174604,23.49,1986628.0271403047,8909249.681179695
,_result,0,2026-09-03T04:05:34.496Z,17.6,5706675.041802381,15.83,5732446.11163966,99.4,7494106.213090151,4363939.733562027
,_result,0,2026-09-03T04:05:34.53Z,83.08,8412157.0914611,78.69,6938489.363087621,64.22,289000.8096165242,5311567.80981911
,_result,0,2026-09-03T04:05:34.552Z,69.88,9713203.874809656,92.24,2370803.197241963,66.15,1958600.367034108,7178544.795096357
,_result,0,2026-09-03T04:05:34.562Z,79.47,2641792.661410053,33.15,8475612.973406043,87.78,1732572.9745227424,8688496.289133763
,_result,0,2026-09-03T04:05:34.581Z,22.34,4354909.209260197,65.28,355188.90580963914,85.02,1565990.647605322,5250698.363034969
,_result,0,2026-09-03T04:05:34.592Z,55.42,5944319.835026354,0.58,9901213.150923535,37.69,198757.88001333163,7292059.837082434
,_result,0,2026-09-03T04:05:34.612Z,31.26,8126461.219138286,25.8,5252006.545519242,43.04,3778609.0153791076,9747128.439323122
,_result,0,2026-09-03T04:05:34.62Z,20.88,3462164.4729039734,44.87,3097524.704200585,4.97,7675355.317020746,3432011.708800272
,_result,0,2026-09-03T04:05:34.641Z,64.39,5297517.268979643,89.24,5748573.560606001,22.62,2294447.2376818503,2019447.6055111154
,_result,0,2026-09-03T04:05:34.676Z,22.59,2015704.9087148472,58.68,7087471.78274407,42.11,1682719.3271967012,284177.5552537817
,_result,0,2026-09-03T04:05:34.705Z,36.01,464211.8654788019,43.6,7281512.850209231,58.13,643984.2806698559,7287078.840161088
,_result,0,2026-09-03T04:05:34.729Z,83.09,8964593.520153614,18.41,9693554.062537497,87.13,907736.3411662864,5627450.800594144
,_result,0,2026-09-03T04:05:34.751Z,70.42,2465401.9153308105,81.35,4298485.068431548,22.31,9519606.804189809,6763059.051087885
,_result,0,2026-09-03T04:05:34.761Z,24.59,5405454.177440355,16.92,6757758.359248123,98.44,4067550.6521323645,3460277.042990767
,_result,0,2026-09-03T04:05:34.785Z,80.9,9275486.203514254,49.26,5871955.949458326,92.14,7716013.5645148475,1301057.9116303967
,_result,0,2026-09-03T04:05:34.81Z,94.18,6296328.809290277,67.96,9192731.143628554,0.53,5735308.022037978,1105514.6357180912
,_result,0,2026-09-03T04:05:34.841Z,99.35,3808086.208969267,36.34,7953639.241970271,62.04,4504490.617857259,2671140.6865769606
,_result,0,2026-09-03T04:05:34.86Z,70.35,2322509.220660027,83.64,8322676.975429375,2.23,1366370.965364625,9184375.833130045
,_result,0,2026-09-03T04:05:34.889Z,70.91,5306162.250265272,19.47,4679089.272484672,91.04,3808601.932019606,9358826.662256643
,_result,0,2026-09-03T04:05:34.91Z,8.61,8650862.597348128,98.25,878799.6620916416,25.25,8403236.737325018,6997668.173682184
,_result,0,2026-09-03T04:05:34.918Z,18.28,9052801.436578628,4.97,3179853.146521189,54.3,9380847.881131938,5465927.2932895785
,_result,0,2026-09-03T04:05:34.938Z,79.59,4472957.731511989,22.98,9976057.76876151,2.47,3695728.4767976874,5274121.3883143
,_result,0,2026-09-03T04:05:34.967Z,86.5,6842111.278698625,12.8,7738270.509012748,30.25,6572662.882914009,7312299.013158716
,_result,0,2026-09-03T04:05:34.988Z,56.01,8972611.837043008,73.64,736255.22411507,42.23,1189852.5777721636,5167466.380935672
,_result,0,2026-09-03T04:05:35.001Z,99.36,5218327.516021118,53.89,1811791.6168732108,33.81,9793616.559635527,6847379.015034426
,_result,0,2026-09-03T04:05:35.022Z,25.5,9893535.401588136,22.62,1132082.9832427949,84.11,2885167.8118745885,6813990.79561477
,_result,0,2026-09-03T04:05:35.035Z,68.68,1022979.9318997801,85.32,5552686.5727261165,26.37,6717950.512432289,7757553.1568700215
,_result,0,2026-09-03T04:05:35.059Z,19.62,2648798.2178933546,70.35,2859143.8754711985,49.54,5423741.404678541,1680828.3427475411
,_result,0,2026-09-03T04:05:35.073Z,52.98,9570561.75843956,96.33,4550195.648602503,14.54,2846785.8962431545,8156622.408087409
,_result,0,2026-09-03T04:05:35.093Z,60.49,8146935.395933538,55.72,6744117.999146122,33.84,4485063.909288648,7666448.776993223
,_result,0,2026-09-03T04:05:35.129Z,7.21,9702321.407294104,82.52,9786783.154908,31.91,2933510.6779550235,7439297.72618521
,_result,0,2026-09-03T04:05:35.156Z,94.74,4403292.5728174485,22.79,9347926.326412925,7.97,2121389.5195071776,1126979.2549362755
,_result,0,2026-09-03T04:05:35.182Z,5.87,6499274.652655932,6.46,7996505.063364172,76.02,5733740.756276186,5496019.897153269
,_result,0,2026-09-03T04:05:35.217Z,54.06,1790707.3004579344,63.33,4378824.558399206,14.55,3248800.403111498,4225916.364168345
,_result,0,2026-09-03T04:05:35.24Z,22.88,3424754.846323851,61.18,9781007.93992868,54.68,2857238.6114346483,7130277.810768897
,_result,0,2026-09-03T04:05:35.263Z,48.09,5988231.226171854,41.56,1617787.9424592755,35.47,5776033.830667423,8114911.388288601
,_result,0,2026-09-03T04:05:35.298Z,58.6,8164683.024378634,92.77,3390346.1916785194,68.07,2645437.683923523,3716285.9726798027
,_result,0,2026-09-03T04:05:35.322Z,35.76,9537985.379426679,36.34,8757008.46093279,34.99,8184949.358443841,507593.84782524843
,_result,0,2026-09-03T04:05:35.355Z,97.18,8032351.331113599,43.25,2493874.915273261,95.08,8524672.244267467,7986175.444825042
,_result,0,2026-09-03T04:05:35.38Z,67.12,8728116.165598704,55.68,4208901.336859971,17.53,1246663.1826148177,8049705.791867949
,_result,0,2026-09-03T04:05:35.41Z,85.61,5667351.543373297,98.5,3534676.3668420413,86.18,883007.043884928,9106173.201736301
,_result,0,2026-09-03T04:05:35.44Z,30.2,1522418.335512734,43.24,585610.3530653722,87.31,3739957.8581807557,2368082.0758120227
,_result,0,2026-09-03T04:05:35.467Z,39.84,394402.5511988436,16.5,9530729.514558136,43.87,565471.1151415415,6074148.290813506
,_result,0,2026-09-03T04:05:35.502Z,91.23,4351376.019399822,4.63,2135267.2432785947,79.71,5773994.79001384,7429290.824995375
,_result,0,2026-09-03T04:05:35.544Z,68.57,8266802.66138323,0.26,4597943.771274726,39.88,6116596.121298925,4477054.904642284
,_result,0,2026-09-03T04:05:35.581Z,12.9,7201893.158895737,83.19,8655287.64491175,89.17,5601276.507155922,6602461.933130806
,_result,0,2026-09-03T04:05:35.62Z,88.31,4470933.738155099,53.43,4885166.412126744,82.25,4057464.812313727,4446689.674106246
,_result,0,2026-09-03T04:05:35.645Z,36.77,4358504.661715113,89.4,2610008.895079043,89.4,4220115.009944411,9879721.448117672
,_result,0,2026-09-03T04:05:35.672Z,23.62,1457066.2297770677,76.06,9721313.74111588,81.25,5152412.945591076,5969473.624964999
,_result,0,2026-09-03T04:05:35.7Z,8.32,8755511.275485666,12.03,2680377.3665091735,52.04,4184159.2766996883,4181691.361048173
,_result,0,2026-09-03T04:05:35.744Z,78.76,2357335.8447214854,5.6,8443849.149670135,13.81,8733558.306065287,9747485.214200815
,_result,0,2026-09-03T04:05:35.769Z,22.37,8299263.886358606,24.52,2205082.11314993,59.38,6224058.586262736,6960684.617069206
,_result,0,2026-09-03T04:05:35.805Z,43.51,2236111.589740996,25.43,6209755.439713062,98.21,4779762.364776044,9420412.61435918
,_result,0,2026-09-03T04:05:35.837Z,28.74,4383527.688317045,48.63,8565634.20478263,78.49,89085.013611927,5216241.71203734
,_result,0,2026-09-03T04:05:35.866Z,50.89,4906995.559195697,97.3,82394.20798623498,62.83,3048650.1671138145,8690673.999724805
,_result,0,2026-09-03T04:05:35.896Z,70.59,482377.0295461283,39.29,5393463.89448279,35.87,3019313.647127411,7306070.815179615
,_result,0,2026-09-03T04:05:35.919Z,87.31,3836270.9401558205,74.64,4613034.741876633,12.04,1586074.5510636177,6526803.363710431
,_result,0,2026-09-03T04:05:35.947Z,20.1,3834255.5288420743,75.5,2850682.0117511665,24.25,1201815.3688627554,4715771.168964306
,_result,0,2026-09-03T04:05:35.969Z,92.1,8251644.091015973,74.02,9436556.467600292,3.51,3529382.964884683,9968208.120835874
,_result,0,2026-09-03T04:05:35.986Z,82.81,8770063.112158665,61.4,9838098.802314296,15.43,1978700.4929997665,6620483.25130885
,_result,0,2026-09-03T04:05:36.005Z,16.79,8838280.23698918,42.25,8456956.23135874,35.92,3515282.2747016232,7162032.307833527
,_result,0,2026-09-03T04:05:36.036Z,56.86,172192.3316189433,97.57,7752034.242243834,90.11,9592409.953011403,3223179.0816427264
,_result,0,2026-09-03T04:05:36.061Z,93.05,5672579.774611781,61.54,214749.55148764295,40.75,6203343.046542549,1300152.4909806051
,_result,0,2026-09-03T04:05:36.081Z,5.22,4459460.316041309,75.4,6283616.627853751,11.93,1600382.412629232,535699.6681494953
,_result,0,2026-09-03T04:05:36.113Z,27.84,6317338.685803211,58.33,4925064.10710401,28.92,3360414.559188786,7010409.339417612
,_result,0,2026-09-03T04:05:36.14Z,4.59,3062679.3200424663,77.97,2806930.743209256,64.18,5926059.187548472,2463230.3391385446
,_result,0,2026-09-03T04:05:36.169Z,74.33,2071157.236632082,19.78,2836091.881529794,34.95,9021002.699198209,1958601.123457202
,_result,0,2026-09-03T04:05:36.197Z,75.87,4348292.471066128,11.75,1924709.6185437706,62.51,9548650.892485177,3471075.4867470795
,_result,0,2026-09-03T04:05:36.224Z,50.47,7915939.249953567,8.42,7046167.931209151,55.16,1063038.2201711587,9773454.448894314
,_result,0,2026-09-03T04:05:36.257Z,44.15,4731126.255467396,74.1,2420449.487197741,90.3,817322.9497695622,1103417.4934757056
,_result,0,2026-09-03T04:05:36.279Z,89.36,142445.15990952888,34.61,6130254.0655276235,96.91,6690679.746962089,539767.1468071574
,_result,0,2026-09-03T04:05:36.311Z,21.66,6134998.426259822,38.98,762076.5330429901,99.52,4538956.41033143,9092113.401942166
,_result,0,2026-09-03T04:05:36.329Z,3.74,5147984.628777867,44.92,8551018.740509063,61.62,287231.0440634829,9637160.325070117
,_result,0,2026-09-03T04:05:36.34Z,22.76,1242341.5352040923,38.34,3767127.431918893,23.95,8888879.919005994,2013659.4328192014
,_result,0,2026-09-03T04:05:36.358Z,72.31,6569778.6773339575,15.3,3555356.2201837697,96.08,5487648.405817988,6444578.131388261
,_result,0,2026-09-03T04:05:36.37Z,54.36,7133570.066363236,66.05,6816084.506586749,63.73,6820801.080029517,8760349.182063276
,_result,0,2026-09-03T04:05:36.381Z,33.11,6939176.394192131,52.1,5208839.76092687,29.29,1185943.6861273753,7652594.823888153
,_result,0,2026-09-03T04:05:36.401Z,82.66,998191.222767748,15.92,9548111.204765864,57.2,7357574.243706241,6468247.645833311
,_result,0,2026-09-03T04:05:36.409Z,14.02,1952677.3618454062,87.25,9469261.340424705,89.57,1876125.187112274,8057408.637879767
,_result,0,2026-09-03T04:05:36.43Z,82.95,2926105.2982383217,48.92,6758914.37003634,44.58,3783437.8973595053,3933916.908087142
,_result,0,2026-09-03T04:05:36.461Z,81.1,5142099.645762606,78.87,7734064.201108748,23.24,8598330.994792158,9711426.587958867
,_result,0,2026-09-03T04:05:36.485Z,18.44,8397483.258161727,68.84,6432588.322750503,42.73,3529463.3617145433,1295129.7918358352
,_result,0,2026-09-03T04:05:36.518Z,75.1,4182438.9007563465,50.43,8064773.532308918,0.88,2399491.8701568022,2479821.765256508
,_result,0,2026-09-03T04:05:36.538Z,75.97,6855629.099579165,26.47,2109014.5624876143,26.22,3569434.613789503,7089916.6396554
,_result,0,2026-09-03T04:05:36.546Z,52.72,1606081.8266560284,45.59,341152.9798504276,87.24,4398605.558247847,1269604.5141245949
,_result,0,2026-09-03T04:05:36.571Z,96.88,6036439.734394691,69.3,6487028.699879153,81.82,7888076.87219307,1241050.4390539213
,_result,0,2026-09-03T04:05:36.605Z,55.47,4108748.0050904825,36.01,497351.8466138793,42.56,1889193.5355035171,7127296.51926339
,_result,0,2026-09-03T04:05:36.629Z,58.63,6192252.049108991,71.25,6051366.645735208,9.02,444930.00020633946,6713169.0861660605
,_result,0,2026-09-03T04:05:36.666Z,97.62,1766684.209392776,0.82,8588265.10386476,63.58,9209149.954422528,3997382.4044872406
,_result,0,2026-09-03T04:05:36.688Z,35.14,1239538.0676338708,22.64,6965164.944444969,37.7,6806122.773788231,7113985.090004727
,_result,0,2026-09-03T04:05:36.697Z,53.74,8149184.887009617,94.86,8611402.855669327,43.27,6821585.281706005,8917309.44027955
,_result,0,2026-09-03T04:05:36.721Z,86,3074400.8371043243,5.7,1685635.757582984,80.86,7111894.701132587,7443080.680688688
,_result,0,2026-09-03T04:05:36.747Z,69.32,1107878.470513376,28.69,4138711.1081179553,19.35,1228610.0960494727,8739616.977533923
,_result,0,2026-09-03T04:05:36.782Z,68.49,3747776.1342965644,71.84,3435270.93952558,36.13,6467098.492115102,3080250.3764473367
,_result,0,2026-09-03T04:05:36.8Z,8.19,6988938.155063828,65.65,2332312.758284959,2.61,1982854.5378267926,1605549.6315548522
,_result,0,2026-09-03T04:05:36.808Z,40.24,5693552.575772135,98.38,2703454.9603918632,55.17,8487952.826366123,528681.6878339318
,_result,0,2026-09-03T04:05:36.828Z,73.62,8111955.55065136,97.26,9693573.423238302,91.3,6158977.652472353,4404445.688754282
,_result,0,2026-09-03T04:05:36.86Z,41.15,3178155.2437591664,56.35,3458693.6891483013,52.32,7709379.276962065,3892532.732745277
,_result,0,2026-09-03T04:05:36.874Z,63.57,2583990.539706471,5.43,2569381.2687790985,4.65,2809895.492074426,9534415.785713585
,_result,0,2026-09-03T04:05:36.891Z,98.76,2176250.9039798817,57.51,2589628.230348493,16.22,1910020.5116985936,638961.5717514075
,_result,0,2026-09-03T04:05:36.902Z,2.77,2759581.318728549,37.68,6641646.262395612,63.81,5419997.743420712,3366146.1927088685
,_result,0,2026-09-03T04:05:36.918Z,20.4,3318749.35224033,42.07,5368216.160500794,68.48,345090.4765575058,3169624.091467862
,_result,0,2026-09-03T04:05:36.929Z,89.85,3673745.7941792537,73.92,8679420.846662061,56.37,4129621.772800496,280268.7797807624
,_result,0,2026-09-03T04:05:36.947Z,91.56,6337323.525614998,76.49,7570312.617803394,11.26,276353.2077974018,329338.6988724745
,_result,0,2026-09-03T04:05:36.958Z,44.84,657513.5595517234,36.58,8095506.246938069,58.27,8022061.937768689,2092487.660001743
,_result,0,2026-09-03T04:05:36.973Z,47.33,267181.81376203964,39.38,4260582.846773123,50.55,4515218.8032100275,1018994.0476675319
,_result,0,2026-09-03T04:05:36.985Z,84.91,5279007.816568187,75.82,3131530.4567888267,59.44,852204.5581173166,9525084.291850332
,_result,0,2026-09-03T04:05:37Z,45.93,3608200.553461215,3.55,4507437.127599394,8.17,3219413.042834688,1060821.706889178
,_result,0,2026-09-03T04:05:37.014Z,54.92,1286571.35500862,40.16,8595462.744479565,37,9853959.798211288,8930816.488289097
,_result,0,2026-09-03T04:05:37.029Z,51.79,3013570.598494184,41.16,3556978.598235566,38.57,1630536.3942157624,4683371.403823306
,_result,0,2026-09-03T04:05:37.038Z,10.51,6810653.289242656,31.46,7964816.617786451,27.05,5814573.62881327,3945443.5424330826
,_result,0,2026-09-03T04:05:37.052Z,49.83,650822.3284409198,52.18,6220162.318791899,79.83,28366.2632501791,2229328.5037037046
,_result,0,2026-09-03T04:05:37.063Z,41.73,1739408.2922044906,36.27,1204212.0566125126,13.77,7430909.031064311,885550.7751163649
,_result,0,2026-09-03T04:05:37.078Z,2.54,3934554.1817547223,12.39,8688941.955016365,60.15,4445722.291852126,3046340.8891630373
,_result,0,2026-09-03T04:05:37.089Z,16.24,4613246.734136428,6.05,2258235.745958793,58.91,9833203.340321714,3629370.4971128437
,_result,0,2026-09-03T04:05:37.107Z,78.94,5379446.544686144,93.25,8433340.104855241,85.67,8915888.742900535,2159087.763569326
,_result,0,2026-09-03T04:05:37.119Z,2.88,7923435.674692999,42.87,5339873.602618375,5.17,90023.44437945454,5760715.610226056
,_result,0,2026-09-03T04:05:37.132Z,71.06,3721664.0171480696,42.38,6054723.578177721,50.78,9181786.9282984,4882612.152545195
,_result,0,2026-09-03T04:05:37.148Z,79.8,1022502.1334433593,69.12,7394895.577124636,49.26,5600874.6894505145,7903238.66288132
,_result,0,2026-09-03T04:05:37.174Z,28.78,3653228.612270681,77.37,894143.5518023544,48.7,4417181.268308556,6074488.185350718
,_result,0,2026-09-03T04:05:37.199Z,69.24,2310729.4945716206,98.73,5312425.623958411,82.82,44974.70563282091,3630729.096060341
,_result,0,2026-09-03T04:05:37.225Z,28.67,1745337.1851709809,73.25,4022461.2331761024,96.44,8221029.217751311,7549058.859052087
,_result,0,2026-09-03T04:05:37.257Z,47.21,7046166.987559089,94.09,7426273.198108768,93.18,8056236.648712076,6290066.5207571825
,_result,0,2026-09-03T04:05:37.283Z,85.34,4461662.615284713,40.44,80951.82800812006,28.74,5270893.213630732,4816086.319886356
,_result,0,2026-09-03T04:05:37.318Z,19.96,8920540.64129631,62.15,8758981.305228328,17.13,1488329.8281924285,99664.79488673907
,_result,0,2026-09-03T04:05:37.341Z,64.76,4022048.555086254,1.57,2159451.510653846,17.43,4820173.132709622,4446348.0956153935
,_result,0,2026-09-03T04:05:37.37Z,51.79,7395218.995875047,87.82,3840121.61245049,75.09,2158827.300280537,8151766.910672623
,_result,0,2026-09-03T04:05:37.397Z,10.8,2073520.5288605173,65.97,8327361.204475348,57.71,3619599.7210792596,6306515.496709978
,_result,0,2026-09-03T04:05:37.431Z,22.29,3002064.892839712,82.91,4778875.534676418,19.25,7258329.188993722,5559340.39942559
,_result,0,2026-09-03T04:05:37.451Z,46.5,2565374.1175042368,23.05,5374754.066285825,71.89,6417887.87901231,543570.8601202082
,_result,0,2026-09-03T04:05:37.463Z,16.06,2925899.679518932,22.56,1273640.5530108574,97.99,8312445.866509142,2899696.1510414165
,_result,0,2026-09-03T04:05:37.48Z,45.09,941393.4404104318,81.77,9001003.293084549,39.18,1450809.9449108413,706995.3790082784
,_result,0,2026-09-03T04:05:37.492Z,83.02,1916116.8268007266,76.7,9804227.10630987,53.61,1948509.7607188572,7309922.490859191
,_result,0,2026-09-03T04:05:37.51Z,31.09,7429257.507163436,73.37,246389.17714711605,62.04,9369320.061292214,5181153.339352152
,_result,0,2026-09-03T04:05:37.518Z,32.02,6798076.656007082,36.5,1846686.8055339803,86.87,9623417.745340832,7257767.878720172
,_result,0,2026-09-03T04:05:37.542Z,70.7,6753298.236661918,4.01,7971733.463435114,94.46,2975788.513706842,1998005.1955604127
,_result,0,2026-09-03T04:05:37.576Z,80.7,7552652.156465036,53.41,5261407.45664115,98.9,9677708.484287253,3875828.5139810876
,_result,0,2026-09-03T04:05:37.598Z,95.16,2040061.9570387378,72.98,4204743.783576325,47.17,7958307.819928953,5340415.210372715
,_result,0,2026-09-03T04:05:37.627Z,36.65,8431929.874494199,12.61,4806587.4130679285,4.53,3807499.9859994487,6883341.552326752
,_result,0,2026-09-03T04:05:37.655Z,83,437000.9558069166,50.32,3655850.851517518,53.15,7384751.956183377,236134.98651173347
,_result,0,2026-09-03T04:05:37.679Z,44.8,2974123.9488321845,84.6,1305768.6196614415,88.35,3231243.500098213,8701931.694241999
,_result,0,2026-09-03T04:05:37.706Z,87.59,9848882.861649984,57.58,5101303.9437979255,40.07,6983053.823487691,2054868.8145285065
,_result,0,2026-09-03T04:05:37.734Z,85.47,6465226.853981403,45.35,8748721.830774713,39.85,284082.27502857987,3197905.8285402586
,_result,0,2026-09-03T04:05:37.762Z,52.66,7689922.542973645,45.88,9614957.051839145,4.35,5706397.654261902,1913223.4467389963
,_result,0,2026-09-03T04:05:37.797Z,86.15,5155951.993891914,93.37,8108625.324842974,70.24,6583810.110048944,3363086.400576939
,_result,0,2026-09-03T04:05:37.822Z,86.86,7010441.944148347,86.42,8893638.850802574,29.16,1286805.7874350469,9093510.215154527
,_result,0,2026-09-03T04:05:37.853Z,14.1,9717179.26709167,86.96,6205477.198651273,16.92,5779025.342749996,3497977.355554841
,_result,0,2026-09-03T04:05:37.878Z,38.01,2975929.646790122,61.22,8225282.754561976,50.54,8425434.25193169,3199430.5314785475
,_result,0,2026-09-03T04:05:37.904Z,86.76,5236863.299360224,18.02,3645331.641620495,30.86,7769904.8197338395,5502268.907685538
,_result,0,2026-09-03T04:05:37.936Z,44.63,5667240.5131696565,10.12,3027374.263310916,46.65,6809514.446586686,4975403.598634478
,_result,0,2026-09-03T04:05:37.95Z,55.73,4031129.912144563,36.03,924082.3087915762,57.42,4505129.041144056,8933357.14426603
,_result,0,2026-09-03T04:05:37.967Z,95.08,6428847.522124695,15.02,468146.24719709763,82.22,6504071.349258944,8490711.64297325
,_result,0,2026-09-03T04:05:37.985Z,18.37,1823445.5409789996,50.99,5368063.678727903,20.85,1837825.9026404575,7419314.090024813
,_result,0,2026-09-03T04:05:37.996Z,9.96,8338476.145677617,45.23,2137369.1217211788,64.41,9741486.423520086,3424850.053031948
,_result,0,2026-09-03T04:05:38.011Z,7.88,5784743.279842791,72.22,8078135.160923486,59.17,9133743.88932327,9768239.957240678
,_result,0,2026-09-03T04:05:38.022Z,28.66,1638938.382497641,67.45,6606.0994250694,73.57,8412320.205728415,7332161.895317176
,_result,0,2026-09-03T04:05:38.039Z,34.64,8857091.140606595,36.7,4024813.8796919296,45.81,1397426.100990613,1348291.092729641
,_result,0,2026-09-03T04:05:38.053Z,78.69,6620809.027870001,55.61,5072934.58138645,95.33,8212330.457763264,7456992.171137986
,_result,0,2026-09-03T04:05:38.065Z,29.48,5355516.415159594,8.22,5768615.4734934205,94.13,8838356.617298342,6911097.532306593
,_result,0,2026-09-03T04:05:38.089Z,31.39,592629.8904082683,36.73,9426406.276715163,76.02,9361776.690995747,4954883.294677253
,_result,0,2026-09-03T04:05:38.103Z,70.77,5142636.809515424,93.11,6962925.260026381,96.12,5881805.345212395,6822177.707627455
,_result,0,2026-09-03T04:05:38.112Z,9.77,1684014.5290087105,76.83,9665526.675479455,53.31,7753246.293471369,4705958.32785575
,_result,0,2026-09-03T04:05:38.13Z,66.29,1548308.4171563222,65.04,897097.0850264892,6.64,5557065.551888232,9133926.810474174
,_result,0,2026-09-03T04:05:38.161Z,2.38,5557337.837252184,1.21,3253618.964051516,77.26,6967620.677960788,3219108.453947923
,_result,0,2026-09-03T04:05:38.184Z,99.7,532048.9375661719,55.15,1038791.2975065217,87.39,5870347.837265461,3505307.5763511644
,_result,0,2026-09-03T04:05:38.213Z,97.6,1123601.3853687055,75.6,3337452.688648195,53.9,6242000.880506835,4774204.647339694
,_result,0,2026-09-03T04:05:38.233Z,94.61,8895835.901838755,64.69,9761364.315376278,31.99,4823427.244784446,7733674.326176547
,_result,0,2026-09-03T04:05:38.266Z,34.66,1852496.2271384383,7.02,5681455.621756206,44.79,4323496.573674333,1804945.4591327086
,_result,0,2026-09-03T04:05:38.292Z,10.86,7449828.72516299,88.26,7674668.952670821,98.14,7600064.600901903,904547.8784379945
,_result,0,2026-09-03T04:05:38.312Z,12.63,8277024.782137258,42.94,3602274.2913815486,79.05,7030277.262575276,1820719.0506833715
,_result,0,2026-09-03T04:05:38.344Z,8.37,664008.6461936056,94.97,3704722.868364202,54.14,3317524.9697003295,6434267.0733411275
,_result,0,2026-09-03T04:05:38.367Z,61.01,1449126.7485360703,36.69,7523516.185354331,55.51,7654403.4982379405,1775027.2014107804
,_result,0,2026-09-03T04:05:38.398Z,44.58,4921862.826920915,42.67,9629600.415019216,68.84,1959825.1603909445,9117932.002654256
,_result,0,2026-09-03T04:05:38.421Z,23.21,1808230.2408701545,28.61,5723076.948313112,42.29,6219958.303714835,1334294.8472731863
,_result,0,2026-09-03T04:05:38.443Z,26.96,8146151.566877023,91.07,3607227.181979048,77.48,2220881.160500464,5629005.535700212
,_result,0,2026-09-03T04:05:38.477Z,10.78,6825997.855349039,78.07,9259293.197761009,74.42,953118.4528040582,4489712.578144104
,_result,0,2026-09-03T04:05:38.506Z,78.12,4105774.0977821643,85.91,2642290.2234640834,96.4,3144256.1862921612,8179250.114418551
,_result,0,2026-09-03T04:05:38.527Z,96.64,8759789.474746723,90.63,2155117.3524625413,78.54,4201957.779058042,8632790.438263282
,_result,0,2026-09-03T04:05:38.552Z,69.03,7084308.454157869,91.15,6037824.455375511,18.36,2306678.1475563613,383955.79589719285
,_result,0,2026-09-03T04:05:38.578Z,83.42,7986216.7536183745,91.55,1685316.8724557522,16.08,3962016.6396074872,8333238.290705784
,_result,0,2026-09-03T04:05:38.608Z,31.03,1949377.5603618745,98.87,1165051.7099826175,43.22,2927164.83879396,3398628.4830901194
,_result,0,2026-09-03T04:05:38.633Z,67.16,125055.22672207058,45.5,4235183.530529251,97,2991233.1716448646,9780209.372832077
,_result,0,2026-09-03T04:05:38.66Z,72.44,1709712.037451573,6.41,3096395.5208016923,42.86,9530692.617125437,2872464.0208046637
,_result,0,2026-09-03T04:05:38.675Z,93.44,3039531.8095015343,63.83,1388370.1446175324,57.63,8096287.3769049505,2644758.8702218463
,_result,0,2026-09-03T04:05:38.684Z,22.73,6790771.850567011,13.99,1607332.8599268822,43.13,9172137.5812366,2340566.5906588966
,_result,0,2026-09-03T04:05:38.703Z,54.98,7712834.5701624025,71.08,147743.5791923132,11.43,5841467.925364728,4225435.63799193
,_result,0,2026-09-03T04:05:38.735Z,24.59,6467940.133767128,55.12,8481120.26192875,87.17,7364713.153489631,9408521.025057497
,_result,0,2026-09-03T04:05:38.758Z,10.08,2250245.69303665,31.97,1207150.5916859594,38.38,8935775.866521526,42949.77438475511
,_result,0,2026-09-03T04:05:38.795Z,39.83,3936374.76280751,0.48,1949423.9282331394,34.16,5192588.796054562,3038648.5078536784
,_result,0,2026-09-03T04:05:38.813Z,69.32,7073791.656338177,83.91,8461370.698471878,59.27,6723329.836766103,2894480.10295688
,_result,0,2026-09-03T04:05:38.828Z,2.77,4992996.177759506,20.81,7159410.846779663,80.31,2712043.252838766,5097390.5245276615
,_result,0,2026-09-03T04:05:38.847Z,78.39,6120228.454045549,92.5,2241431.424812037,64.09,3086482.004940149,73483.77040704346
,_result,0,2026-09-03T04:05:38.864Z,0.66,7686798.8733292185,47.39,6625627.277312929,69.16,862508.5190943815,3410256.95687014
,_result,0,2026-09-03T04:05:38.876Z,9.45,3674597.650532435,74.93,3037169.8872582875,51.41,7394024.712341323,8675970.499058362
,_result,0,2026-09-03T04:05:38.89Z,25.09,5960280.07080444,47.13,1573442.7313749434,43.76,9358263.202603541,7026831.012662201
,_result,0,2026-09-03T04:05:38.904Z,44.46,8329384.846938119,8.84,394957.0184370999,81.46,855154.6530296317,767372.4980721208
,_result,0,2026-09-03T04:05:38.915Z,19,6156131.464217115,77.52,5641149.407232669,57.13,7676512.106119085,6142447.112338544
,_result,0,2026-09-03T04:05:38.931Z,52.24,5461900.048489265,32.68,3380759.21471094,98.67,9035391.540819423,499351.14834606776
,_result,0,2026-09-03T04:05:38.959Z,49.05,4527232.270861993,2.86,663781.6866903234,16.87,7063439.492056823,3564623.553733558
,_result,0,2026-09-03T04:05:38.979Z,87.5,5091697.7264204,10.97,925410.1728905317,75.81,8774556.132752128,2255917.6468226393
,_result,0,2026-09-03T04:05:39.013Z,78.01,110265.64615150724,37.69,1978792.8937154054,89.07,8802740.46167156,7758074.603417763
,_result,0,2026-09-03T04:05:39.031Z,66.17,6648626.819526805,46.81,72979.86146493573,49.98,1746492.7285385258,4930200.265991168
,_result,0,2026-09-03T04:05:39.043Z,93.91,7655933.015696165,25.95,381397.585574047,67.61,2782400.480496493,4081357.4470406324
,_result,0,2026-09-03T04:05:39.068Z,28.63,5657980.499688309,43.2,1291001.724565022,90,4549089.811142607,7443939.074983381
,_result,0,2026-09-03T04:05:39.1Z,69.16,8878782.225879002,70.16,8063903.399719958,85.14,834464.4386310019,536263.7527629232
,_result,0,2026-09-03T04:05:39.135Z,10.85,5809407.204321319,4.83,3685424.9443972,98.7,7209687.095866135,3576948.2989424216
,_result,0,2026-09-03T04:05:39.164Z,46.94,1959426.4301333698,89.01,2544550.947637934,50.96,9321804.981201533,6188325.483795993
,_result,0,2026-09-03T04:05:39.195Z,94.99,5971391.103096429,33.63,4270618.3629852915,94.04,3323713.819670929,6018421.20769533
,_result,0,2026-09-03T04:05:39.225Z,10.51,9919901.931018006,96.59,737142.4298922613,48.82,4984633.449668999,7446975.27663136
,_result,0,2026-09-03T04:05:39.239Z,58.55,526684.8731000628,22.9,9345944.587551564,3.32,4698233.587168491,3482095.741445861
,_result,0,2026-09-03T04:05:39.25Z,27.53,9575354.241340932,57.92,1504386.4347634106,1.53,696124.8555072253,7977241.825821853
,_result,0,2026-09-03T04:05:39.265Z,34.16,2216419.7707212805,80.44,2272471.228518719,22.37,2575022.977738144,9613454.583328793
,_result,0,2026-09-03T04:05:39.274Z,77.13,7609590.439801355,44.03,1756328.8445221125,34.34,9954586.704258377,8410507.427269235
,_result,0,2026-09-03T04:05:39.299Z,49.8,5842013.761015334,34.2,2899689.956890491,8.78,9580944.334386067,3107623.9306986774
,_result,0,2026-09-03T04:05:39.32Z,9.75,1172787.1921979515,31.66,549202.116830132,60.19,4476653.923145727,6846500.470381953
,_result,0,2026-09-03T04:05:39.331Z,89.26,3885730.263348869,66.08,79580.85080063349,42.02,7980691.512850681,644635.0719967698
,_result,0,2026-09-03T04:05:39.349Z,48.92,2476252.1224522037,26.28,8821678.050089322,57.61,8983367.558372103,1750110.7812916206
,_result,0,2026-09-03T04:05:39.357Z,7.28,3897848.8709690096,52.51,8886834.112183891,61.77,8891552.937233081,1089096.7113831018
,_result,0,2026-09-03T04:05:39.378Z,80.3,2157817.217448882,64.9,1223082.4798505146,38.4,6696851.3305809675,8909214.567250028
,_result,0,2026-09-03T04:05:39.41Z,20.5,8314585.578441805,48.22,7128507.09883092,62.69,4596173.976767805,8571932.007561613
,_result,0,2026-09-03T04:05:39.436Z,79.28,4385302.44446437,81.23,5650372.787889826,24.18,2461018.211297172,3437479.856532778
,_result,0,2026-09-03T04:05:39.457Z,0.2,6177267.693275066,31.05,9128919.162455818,43.27,5192393.894151272,9748635.683553115
,_result,0,2026-09-03T04:05:39.487Z,53.35,7921894.3509885855,91.7,9331208.907493055,83.25,1906852.9446722004,977980.2529233317
,_result,0,2026-09-03T04:05:39.502Z,37.6,6219726.376925451,11.04,7979880.453068203,87.49,3419168.784668718,4122039.1760553056
,_result,0,2026-09-03T04:05:39.511Z,22.09,3447996.916624154,72.45,2701397.474049093,75.15,9875261.284670856,6831058.155041508
,_result,0,2026-09-03T04:05:39.529Z,61.1,3441487.8057619547,73.58,1884967.1493664654,20.37,8076329.314511785,6423278.832461616
,_result,0,2026-09-03T04:05:39.557Z,36.53,5104667.206099789,6.36,472069.70470043074,85.65,2384693.877441927,6964989.489385579
,_result,0,2026-09-03T04:05:39.577Z,44.44,1087563.3109676787,32.29,1511812.6097143292,94.42,8579322.25951527,9103726.990640456
,_result,0,2026-09-03T04:05:39.586Z,16.99,5037152.914461915,70.41,9653866.70874945,61.66,4014376.6472666343,9788583.156638766
,_result,0,2026-09-03T04:05:39.605Z,55.57,226798.77121524527,54.91,3915782.335840229,92.13,797805.4331062546,4298838.614201628
,_result,0,2026-09-03T04:05:39.615Z,44.75,1646738.5785508747,28.58,4264141.797789993,9.91,3707040.1379697104,3902836.6290437356
,_result,0,2026-09-03T04:05:39.632Z,99.56,9055870.458020268,64.28,8776366.150935736,51,8094615.432855321,3833986.3520175144
,_result,0,2026-09-03T04:05:39.642Z,0.11,4420015.042409049,31.39,8146369.549332446,88.71,7931720.826175317,1035657.581572782
,_result,0,2026-09-03T04:05:39.665Z,29.55,8407751.656460842,54.42,1239149.9770477389,53.86,7121565.601203557,1373061.4791577433
,_result,0,2026-09-03T04:05:39.697Z,35.42,9410998.577868775,44.23,9349264.591951769,59.84,1316902.4269316643,7060597.560718165
,_result,0,2026-09-03T04:05:39.716Z,89.12,2272589.3834278043,50,4294218.673393316,40.79,3684945.795752319,6032364.1219672095
,_result,0,2026-09-03T04:05:39.725Z,56.1,17882.076059804185,79.51,6284004.7377654,31.95,9362636.68636427,5289997.045631716
,_result,0,2026-09-03T04:05:39.744Z,35.86,8977007.701686364,40.22,3065620.8089831504,66.86,700772.7961357457,35577.94335614761
,_result,0,2026-09-03T04:05:39.754Z,9.91,273143.2271979994,83.88,2662489.9593352634,62.22,9445200.65069079,9721131.618143104
,_result,0,2026-09-03T04:05:39.777Z,11.58,3395665.012797744,53.81,3740336.1720893946,42.31,7956776.61592914,6587205.258013949
,_result,0,2026-09-03T04:05:39.805Z,38.13,9755674.46060447,45.19,3521745.158933032,10.08,1145848.1211063399,9618316.6726328
,_result,0,2026-09-03T04:05:39.825Z,7.43,7006914.1071729725,23.04,2606076.0605763188,13.45,6558104.09587416,3580690.3364323885
,_result,0,2026-09-03T04:05:39.836Z,27.48,4066489.9919197415,89.29,468873.1928437317,25.99,8793139.55823753,4415761.984451627
,_result,0,2026-09-03T04:05:39.854Z,74.12,3505703.6256428,52.35,6971976.231601168,92.23,1298635.765812758,841666.889254582
,_result,0,2026-09-03T04:05:39.87Z,38.67,7157247.295579426,0.89,3340610.080107216,77.59,6072790.853596244,9110618.08601532
,_result,0,2026-09-03T04:05:43.984Z,76.74,4788999.22572831,71.04,1734144.6906741976,24.15,2607389.089749178,1491320.247047394
,_result,0,2026-09-03T04:05:44.761Z,12.74,1660977.2840400005,47.61,6301264.023517632,50.82,9459232.887131542,8640005.639349012
,_result,0,2026-09-03T04:05:53.994Z,79.7,9505128.627826696,4.45,9644312.872391302,14.62,1077638.6472140842,2596351.1130667794
,_result,0,2026-09-03T04:05:54.769Z,32.62,296551.1814182831,41.11,8341382.286906877,49.64,1541442.8301890492,1126199.2670358012
,_result,0,2026-09-03T04:06:04.011Z,97.85,7493876.755742859,63.88,6676018.331353707,9.23,9624938.005907597,2314091.0712816063
,_result,0,2026-09-03T04:06:05.067Z,32.54,5199283.368240062,17.37,4375345.317464776,90.64,8433273.87762113,2410946.7649621153
,_result,0,2026-09-03T04:06:14.022Z,79.66,950652.5614879124,18.18,243222.59960548155,62.23,3516760.1991043407,1393154.019760251
,_result,0,2026-09-03T04:06:15.075Z,19.53,5531232.530153294,45.16,2986311.7385816905,48.32,3895636.4687944935,3705357.7835589037
,_result,0,2026-09-03T04:06:24.059Z,9.86,3830248.95597134,91.16,8687950.882307269,73.5,2582238.735296093,9680628.284240324
,_result,0,2026-09-03T04:06:25.139Z,69.5,6023632.965971321,21.72,711412.3555375618,51.53,2104050.5745056835,2952369.827223628

